Country;DateTime;Year;Day (from 1 jun);Tempmax;Tempmin;Temp;Dew;Humidity;Precipitation;Windgust;Windspeed;Cloudcover
N;10.06.2006;2006;10;27.6;11.2;20.5;11.4;61.1;0;35.6;21.6;10.1
N;11.06.2006;2006;11;29.9;16.5;23.8;12.9;52.6;0;25.4;18;6.9
N;12.06.2006;2006;12;29.6;16.4;23.5;10.2;45.6;0;37.5;18.4;8.5
N;13.06.2006;2006;13;30;14.8;23.1;14.7;61.3;0;35.6;17.8;8.6
N;14.06.2006;2006;14;18.8;13.4;16.4;14;85.6;1.284;41.3;25.1;84.1
N;15.06.2006;2006;15;14.8;12.1;13.2;12.3;93.9;1.985;40;21.3;100
N;16.06.2006;2006;16;15.6;11.4;13.3;9.4;78;0;13;14.3;98.8
N;17.06.2006;2006;17;21.7;12.1;16.3;10.4;69;0;12.3;14.2;40.5
N;18.06.2006;2006;18;27.5;10.7;19.6;13.4;70.5;0;35.6;17.7;18.4
N;19.06.2006;2006;19;23.4;17.1;19.5;14.5;74.4;0.218;39.9;28.6;52.7
N;20.06.2006;2006;20;21.7;13.8;18;13;73.5;0;40;25.2;66.2
N;21.06.2006;2006;21;19.4;13.8;15.7;12.4;80.9;0.945;53.4;35.5;87
N;22.06.2006;2006;22;17.8;12;14.8;9.7;72.5;0;45.3;28.8;78.8
N;23.06.2006;2006;23;19.3;8.7;15.5;10.7;74.4;0.005;28.4;17.8;53.5
N;24.06.2006;2006;24;25;10.5;17.9;11.2;68.6;0;11.2;17.3;62.7
N;25.06.2006;2006;25;22;12.2;17.3;15.3;88.7;4.167;35.6;24.7;76.7
N;26.06.2006;2006;26;18.2;14.3;16.6;15.6;93.7;5.489;43.4;28.1;99.2
N;27.06.2006;2006;27;16.9;12.4;14.4;11.7;84.1;0.043;37;17.9;91.7
N;28.06.2006;2006;28;18.5;8.6;14.4;10.8;80.6;0;11.2;17.6;67.4
N;29.06.2006;2006;29;21.3;8.2;15.4;10.7;75.1;0;14.8;17.5;22.7
N;30.06.2006;2006;30;25.5;10.2;18.5;13.9;76.5;0;11.2;17.5;12
N;01.07.2006;2006;31;27.1;13;20.8;13.8;68.2;0;32;21.3;9.8
N;02.07.2006;2006;32;29.3;13.4;22.5;13.6;60.7;0;35.6;18;8.9
N;03.07.2006;2006;33;29.3;14.1;22.1;12.8;59.5;0;40;18.1;8.8
N;04.07.2006;2006;34;31.9;14.2;23.3;14.5;60.8;0;11.2;11.1;8.7
N;05.07.2006;2006;35;28.8;17.3;23.3;17.7;72.8;0;38.6;23.8;29.5
N;06.07.2006;2006;36;25.5;18.4;21.5;18.2;82.4;24.441;35.6;17.9;61.7
N;07.07.2006;2006;37;23;16.6;19.9;17.2;84.6;0.004;35.6;21.2;69.8
N;08.07.2006;2006;38;22.2;16.2;19.2;14.2;75.1;0.009;35.8;18.5;65.6
N;09.07.2006;2006;39;25;15.7;19.9;15.1;75.2;0.104;43.2;31.9;85.4
N;10.07.2006;2006;40;23.8;15.2;19.8;14.8;73.9;0;36.5;24.7;61.5
N;11.07.2006;2006;41;22;14.9;19.4;16.8;85.4;4.114;35.6;21.3;80.9
N;12.07.2006;2006;42;23.1;10.3;17.4;13.2;78.4;0.27;11.2;14;7.8
N;13.07.2006;2006;43;24.8;11.4;18.5;14.1;77.5;0;39.5;25.5;7.8
N;14.07.2006;2006;44;21.3;11.8;16.9;10.9;69.2;0;41.2;28.5;16.7
N;15.07.2006;2006;45;25.3;8.9;17.7;12;73;0;38.2;21.7;8.2
N;16.07.2006;2006;46;28.1;11.9;20.4;12.9;64.8;0;23.3;21.1;12
N;17.07.2006;2006;47;30;12.3;22;13.2;60.7;0;14.6;17;4.5
N;18.07.2006;2006;48;30.5;14;22.7;15.3;66.4;0;32;20.7;12.8
N;19.07.2006;2006;49;33.8;15.2;24.3;15.5;62.7;0;11.2;17.8;4.8
N;20.07.2006;2006;50;29.3;20.3;24.6;18;67.9;0.072;39;24.9;60.9
N;21.07.2006;2006;51;28.5;17.1;23.1;18;74.5;0;11.2;14.4;5.9
N;22.07.2006;2006;52;29.6;16.8;21.5;18.5;84.9;9.807;50.4;27.2;32.1
N;23.07.2006;2006;53;26.5;17.6;21.7;19.1;86.2;0;21.8;21.4;51.7
N;24.07.2006;2006;54;27.4;14.7;21.4;18;82.8;0;11.2;14.3;31.4
N;25.07.2006;2006;55;29.9;16.2;23.4;17.4;72.7;0;40;17.9;7.4
N;26.07.2006;2006;56;32;17.2;24.3;17.5;68.6;0;11.2;17.3;10
N;27.07.2006;2006;57;27.8;17.1;23.1;18.7;77.3;0.006;7.6;13.6;50.6
N;28.07.2006;2006;58;26.3;19;22.3;18.8;81.8;19.068;42.9;29.9;66.8
N;29.07.2006;2006;59;26.7;17;21.1;17.8;82.9;8.017;32;14.3;53.1
N;30.07.2006;2006;60;27.4;16.9;20.4;17.1;82.3;12.176;35.6;18;79.6
N;31.07.2006;2006;61;23.7;14;18.4;14.7;80.7;0;42.8;21.8;45.6
N;01.08.2006;2006;62;19.8;15.2;17.7;14.9;84.2;10.921;49.1;28.8;86.6
N;02.08.2006;2006;63;17.6;13.9;15.5;14;90.5;30.924;46.3;27.6;91.5
N;03.08.2006;2006;64;18.2;12.4;15.7;14.6;93.6;11.34;40;17.5;89.8
N;04.08.2006;2006;65;21.2;16;18.6;16.7;89.3;9.336;49.9;29.1;91.6
N;05.08.2006;2006;66;23.4;17.1;19.9;17.4;85.5;4.637;39.6;25.2;46.3
N;06.08.2006;2006;67;23.5;17.4;19.9;16.6;82.2;0;35.7;18.3;33.4
N;07.08.2006;2006;68;23.5;12.4;18.5;16.2;87.4;0.03;40;28.4;74.3
N;08.08.2006;2006;69;19;15.6;17.1;12.6;75.4;0.013;43.9;24.9;92.1
N;09.08.2006;2006;70;18.6;13;15.7;13.3;86;1.441;37.2;21.8;80.7
N;10.08.2006;2006;71;16.8;10.3;14;11.9;88.1;2.208;40;24.2;87.5
N;11.08.2006;2006;72;16.1;11.6;13.3;12.3;93.9;18.563;40;17.7;89
N;12.08.2006;2006;73;17.1;11.5;14.1;13;93.3;8.679;7.6;14.1;94
N;13.08.2006;2006;74;20.3;8.3;14.7;11.4;82.4;0;12.4;14.6;36.2
N;14.08.2006;2006;75;20;12.3;16;14.8;92.9;10.538;43.5;28.8;91.4
N;15.08.2006;2006;76;19.6;14.7;16.9;14;83.6;0;39.1;25.4;94.2
N;16.08.2006;2006;77;22.7;13.5;17.5;14.6;84.7;0.307;57.2;17.7;51.6
N;17.08.2006;2006;78;23;14.6;18.4;15.8;86;3.765;11.2;17.9;75
N;18.08.2006;2006;79;23.1;16.7;18.8;15.8;84;2.34;39.4;25;80.8
N;19.08.2006;2006;80;23.5;15.2;19;14.9;78.2;0.224;40;24.7;56.8
N;20.08.2006;2006;81;18.2;14.7;16.3;15.2;93.4;15.62;41.3;24.9;92.2
N;21.08.2006;2006;82;20.1;14;17.1;14.9;87.3;0.92;41.4;25.5;82.5
N;22.08.2006;2006;83;18.8;13.7;16.5;14.1;86.2;18.44;40;25;76
N;23.08.2006;2006;84;20.6;11;15.8;13.4;86.7;0;10.4;17.7;58.1
N;24.08.2006;2006;85;19.6;14.9;17.1;14.9;87.4;0.483;10.9;14.4;93.3
N;25.08.2006;2006;86;19.6;14.3;16.6;15.5;93.5;7.151;35.6;18.1;86.5
N;26.08.2006;2006;87;20.9;10.7;15.7;13.1;85.7;0.057;9.4;13.9;52.8
N;27.08.2006;2006;88;19.1;12.1;16;13.9;87.6;7.531;39.5;25.2;66.8
N;28.08.2006;2006;89;16.4;11.8;13.8;12.2;90.3;23.848;53.4;28.7;82.9
N;29.08.2006;2006;90;15.5;10.5;13.3;10.9;85.4;8.121;40;21.7;55.1
N;30.08.2006;2006;91;17.4;9.8;13.8;11.3;85.3;13.89;46.8;25.2;79
N;31.08.2006;2006;92;18.6;8.9;14.1;13.2;94.7;0.042;40;25.2;80.3
N;10.06.2008;2008;10;21.4;12.1;16.7;12.4;76.7;0;39.7;25.4;34.7
N;11.06.2008;2008;11;17.1;11.6;14.7;9.1;69.8;0;43.1;28.6;53.8
N;12.06.2008;2008;12;15.4;8.4;12.5;8.5;77;0.379;39.6;21.2;76.4
N;13.06.2008;2008;13;15.3;9.3;12;8.3;78.7;3.772;46.7;28.1;95.6
N;14.06.2008;2008;14;16.3;8.5;12.5;8;75.7;0.04;29.3;17.7;83.3
N;15.06.2008;2008;15;16.3;8.8;12.7;8.2;75.5;6.66;38.1;24.1;66.8
N;16.06.2008;2008;16;16;6.7;12.3;7.2;71.6;0.058;36;18.1;49.8
N;17.06.2008;2008;17;19.1;5.6;13.4;7.2;70.2;0;25.1;10.3;25.4
N;18.06.2008;2008;18;19.5;8.8;15;9.6;71.8;0;41.3;28.4;63.5
N;19.06.2008;2008;19;19.1;11.9;15.7;11;74.5;2.831;53.8;35.4;76.6
N;20.06.2008;2008;20;19.4;11.3;15.8;10;70.2;0;45.5;28.6;58.5
N;21.06.2008;2008;21;21.4;11.9;17.2;11.7;71.4;0;29.3;14.2;89.8
N;22.06.2008;2008;22;25.9;15.4;20.6;13.9;66.9;0;71.6;42.9;84.3
N;23.06.2008;2008;23;17.2;10.9;15;9.6;70.8;0;58.4;32.6;56.6
N;24.06.2008;2008;24;20.6;6.3;14.4;8;69.3;0;38.7;18;41.6
N;25.06.2008;2008;25;23.5;11.5;17.5;10.6;64.6;0;46.9;32.2;75.9
N;26.06.2008;2008;26;21.4;11.8;17.1;10.7;68.2;0;43.6;28.6;55.3
N;27.06.2008;2008;27;19.8;12.9;16.5;11;71.1;3.226;54.2;35.9;86.2
N;28.06.2008;2008;28;21.1;15;17.9;14.9;83.5;4.817;44.3;28.2;84.2
N;29.06.2008;2008;29;20.5;13.2;17.3;12;72.9;0;47.1;31.9;67.4
N;30.06.2008;2008;30;21.1;10.3;16.9;11;70.4;0;33;18;47.1
N;01.07.2008;2008;31;27;10.1;19.1;10.7;64.1;0;25.1;10.8;9.3
N;02.07.2008;2008;32;30.9;14.9;22;15.6;69.7;4.725;32.7;20.8;44.9
N;03.07.2008;2008;33;21.6;16.1;18.4;16.6;89.1;1.363;35.8;24.5;98.3
N;04.07.2008;2008;34;20.6;12.8;17.3;12.4;74.6;0;39.6;25.2;52.4
N;05.07.2008;2008;35;24.2;8.4;16.8;11.7;76.4;0.351;35.7;21.4;34.1
N;06.07.2008;2008;36;21.9;14.2;17.9;12.9;75.4;0.3;56.5;33.7;83.8
N;07.07.2008;2008;37;18.7;13.7;15.5;12.4;82.2;2.885;57.7;35.8;83.1
N;08.07.2008;2008;38;17.1;13.1;14.9;12.5;86;31.365;53.4;34.8;90.4
N;09.07.2008;2008;39;18.6;11.2;15.2;11.6;80.7;1.067;53;28.8;84.5
N;10.07.2008;2008;40;19;14.7;17.1;16;93.2;8.201;38.5;24.8;99.9
N;11.07.2008;2008;41;20.2;13.7;16.6;13.4;82.2;0.968;39.4;28.1;65.1
N;12.07.2008;2008;42;17.9;13.1;15.1;11.9;82.3;11.376;43.4;25.2;80.3
N;13.07.2008;2008;43;18.5;11.1;15;10.7;76.4;0;35.7;21.6;67.6
N;14.07.2008;2008;44;22.2;9.7;16.7;11.5;73.6;0;39.8;28.6;39.1
N;15.07.2008;2008;45;19.8;15.2;17.6;14.7;83.3;0.014;37.2;21.7;93.8
N;16.07.2008;2008;46;19;14.2;17.1;12.5;75.3;0.103;43.5;25.5;74.2
N;17.07.2008;2008;47;17.2;13.3;14.9;12.3;85.1;2.057;32.7;24.4;99.8
N;18.07.2008;2008;48;19.4;13.7;16.1;14;87.8;1.656;33.1;24.7;99.4
N;19.07.2008;2008;49;18.9;14.1;16.5;14.5;88.5;11.331;50.2;31.8;96.8
N;20.07.2008;2008;50;16.1;12.6;14.3;10.5;78.2;3.059;44;25.6;73.2
N;21.07.2008;2008;51;17.4;12.4;14.1;11.5;84.4;6.237;54.4;32.4;97.1
N;22.07.2008;2008;52;19;13.2;15.5;12.1;80.7;0.499;39.5;21.4;94
N;23.07.2008;2008;53;22.8;14.7;18.4;14.8;80.8;0;18.3;10.9;80.4
N;24.07.2008;2008;54;25.6;12.1;19.3;13.5;72.9;0;36.1;21.8;14.2
N;25.07.2008;2008;55;27.7;14.1;21.2;15.2;70.4;0;35.8;21.5;43.2
N;26.07.2008;2008;56;27.7;18.3;21.5;18.6;84.3;16.872;78.9;23.4;91.5
N;27.07.2008;2008;57;26.3;17.1;21.5;18.6;84.6;12.664;46.9;13.7;68.5
N;29.07.2008;2008;58;23.7;16.8;21;17.9;83;0.245;28.9;18;69.8
N;28.07.2008;2008;59;29.6;19.8;23.4;20;82.7;0.559;48.3;17.4;89.8
N;30.07.2008;2008;60;26.6;14.2;20.6;15.3;74.4;0;28.6;18;29.6
N;31.07.2008;2008;61;29.9;16.4;23.1;17.4;72.6;0;27.8;17.6;18.1
N;01.08.2008;2008;62;23.4;16.5;20.6;16.3;77.6;7.582;46.2;28.8;60.2
N;02.08.2008;2008;63;22.9;14.4;18.6;14;75.7;0.09;42.7;24.4;69.8
N;03.08.2008;2008;64;20.1;16.9;18.4;16.5;88.7;1.915;46.9;28.1;93.2
N;04.08.2008;2008;65;20;16;17.9;14;78.6;11.557;49.8;32.3;73.4
N;05.08.2008;2008;66;21.4;13;18.2;14.5;79.7;0;33.2;17.9;66.9
N;06.08.2008;2008;67;24.5;17.4;20.7;17.2;80.8;0.056;28.8;17.9;73.7
N;07.08.2008;2008;68;20.8;15.7;19;17.5;91.3;6.56;42.9;24.8;83.1
N;08.08.2008;2008;69;20.5;15.5;17.5;15.2;87;11.252;47.1;28.8;88.1
N;09.08.2008;2008;70;20.8;12.3;16.8;12.4;76.5;0.009;42.9;31.5;78.7
N;10.08.2008;2008;71;21.3;15.4;17.9;14.2;80.1;4.907;64.1;38.8;65.1
N;11.08.2008;2008;72;19.1;14.8;16.8;13.9;83.3;0.014;43.3;24.9;87.1
N;12.08.2008;2008;73;21.5;12.3;16.7;13;80.3;1.911;67.8;39.3;64.8
N;13.08.2008;2008;74;19.7;13.6;16.2;12.1;77.2;2.368;69.3;45.6;63.1
N;14.08.2008;2008;75;19.8;11.5;15.9;12.2;79.7;6.005;68.4;36.1;70.9
N;15.08.2008;2008;76;20;9;15;11.3;80.7;0.059;28.7;17.7;19.3
N;16.08.2008;2008;77;21.5;8;15.2;10.8;77.5;0.012;21.6;11;34.1
N;17.08.2008;2008;78;21.1;11.3;15.9;12.2;80;6.565;49;30.5;95.4
N;18.08.2008;2008;79;19;13.7;16.1;14.7;91.2;7.953;39.3;24.8;97.2
N;19.08.2008;2008;80;21;15.3;17.4;14.5;83.3;4.809;57.3;32.1;87
N;20.08.2008;2008;81;19;15;16.8;15;89.3;13.067;46.7;28.6;91.3
N;21.08.2008;2008;82;19.6;14.4;16.6;13.8;83.3;5.747;42.5;28.1;92
N;22.08.2008;2008;83;18.2;12.6;15.5;13.6;88.7;0.527;25.9;17.5;89.5
N;23.08.2008;2008;84;18.1;9.1;14.1;11.1;83.4;0.812;37;18.1;49.5
N;24.08.2008;2008;85;18.6;9.5;14.5;11.8;84.8;0.022;32.5;24.4;67.9
N;25.08.2008;2008;86;21;14.4;17.3;14.1;82.5;0.301;43.1;25.2;88
N;26.08.2008;2008;87;18.5;16.7;17.6;15.4;87;0;39.4;24.8;100
N;27.08.2008;2008;88;17.7;15.7;16.8;15.2;90.2;0.004;38.3;21.6;100
N;28.08.2008;2008;89;20.3;16.2;17.7;15.4;86.7;0;31.9;21;98.8
N;29.08.2008;2008;90;21.6;13.3;18.1;15.6;86.1;0;28.5;17.9;60.3
N;30.08.2008;2008;91;23.5;11.4;17.4;13.8;81.3;0;28.9;18.2;14
N;31.08.2008;2008;92;27.2;13.8;20.3;15.5;75.5;0;31.5;17.7;19.1
N;10.06.2010;2010;10;21.5;15.4;18.3;17.1;93.2;2.363;21.7;14.3;99.5
N;11.06.2010;2010;11;19.7;13.3;16.8;15.5;92;0.101;53.5;31.4;95.7
N;12.06.2010;2010;12;17.5;8.8;13.7;10.2;80.7;0;40;25.7;49.3
N;13.06.2010;2010;13;17;10;13.7;8.5;71.8;0;39.2;11;75.7
N;14.06.2010;2010;14;19.8;11.7;15.8;10.7;73.5;0;39.2;28.2;55.7
N;15.06.2010;2010;15;15.6;8;12.5;6.9;69.6;0;43.2;25.3;44.2
N;16.06.2010;2010;16;20.9;6.4;14.5;9.5;73.6;0;43;25.4;27.7
N;17.06.2010;2010;17;22.4;9.4;15.7;10.4;72.9;0;43;31.8;1.2
N;18.06.2010;2010;18;15.2;10.4;13;9.6;80.7;0.45;39.6;25.4;75.5
N;19.06.2010;2010;19;13.8;9.9;11.6;7.8;77.7;5.693;50.6;28.9;95.2
N;20.06.2010;2010;20;12.6;10.4;11.7;8.1;78.9;1.854;42.9;25.4;100
N;21.06.2010;2010;21;16.3;10.3;13;8.1;72.9;0.274;28.9;18;52.6
N;22.06.2010;2010;22;18.5;4.2;12.7;8.2;76.1;0;25.1;10.9;15.8
N;23.06.2010;2010;23;25;8.1;17.4;11.1;70.3;0;24.2;11.1;1.6
N;24.06.2010;2010;24;25.3;10.6;18.7;12.7;71.5;0;32.2;21.3;14
N;25.06.2010;2010;25;22.5;14.1;18.4;13.1;73.2;0;25;14;43.7
N;26.06.2010;2010;26;24;10.4;18.1;12;70.3;0;24.7;14.1;14.3
N;27.06.2010;2010;27;26.8;11.1;20.3;11.7;61.6;0;24.2;14;0.6
N;28.06.2010;2010;28;27.8;13.7;21.5;14.3;66.8;0;22.3;14.5;5.3
N;29.06.2010;2010;29;25.6;12.6;19.2;14.4;76.7;0.558;36.1;21.4;30.9
N;30.06.2010;2010;30;23.7;13.5;18.7;16.1;85.7;8.021;28.4;14.5;71.3
N;01.07.2010;2010;31;26.2;14.4;20.8;16.2;77.4;0;28.7;21.1;48.3
N;02.07.2010;2010;32;33.5;19.4;25.9;17.4;61.7;0;35.5;21.4;46.6
N;03.07.2010;2010;33;26;18.8;22.2;18.4;79.6;5.858;35.5;14.6;83.2
N;04.07.2010;2010;34;26.1;15.4;20.1;14.3;71.1;0.009;39.6;25;27.9
N;05.07.2010;2010;35;22.3;14.5;18.6;13.1;71.6;0.008;36;21.9;70.1
N;06.07.2010;2010;36;20.4;10.8;16.6;9.8;65.1;0;36;21.4;22.9
N;07.07.2010;2010;37;26.1;9.5;18;9.4;61;0;32.5;21.4;53.1
N;08.07.2010;2010;38;26.2;16.6;21.7;14.5;64.9;0;25.6;14.4;60
N;09.07.2010;2010;39;34.3;15.2;24.2;15.6;65.5;0;32.1;21;20.5
N;10.07.2010;2010;40;30.5;17.1;24.4;17.7;69.5;0;35.8;66.4;22.3
N;11.07.2010;2010;41;28.9;19.8;23;19.4;81.4;21.43;100.8;21.3;57.2
N;12.07.2010;2010;42;25.6;17.2;20.8;18.3;86;6.677;39.8;27;62.4
N;13.07.2010;2010;43;25.7;14.6;19.8;15.3;77.1;0.187;39.7;18.1;59.6
N;14.07.2010;2010;44;28.5;18.1;22.2;17.3;77.2;5.592;52.7;25;65.3
N;15.07.2010;2010;45;21.9;16.7;19;14.2;75.2;4.028;54;35.7;61.9
N;16.07.2010;2010;46;23.9;15.4;19.3;13.6;70.5;3.754;46.9;31.8;59.8
N;17.07.2010;2010;47;20.4;14.9;17.1;13.8;82.1;2.906;46.7;28.3;36.6
N;18.07.2010;2010;48;23.2;10.7;17.5;11.9;73.3;0;29.6;17.9;15.7
N;19.07.2010;2010;49;26.1;11.9;19.9;13.2;69.2;0;21.6;14.1;1.2
N;20.07.2010;2010;50;29.6;14;22.5;15;66.7;0;25.1;14.3;60.6
N;21.07.2010;2010;51;24.6;19.5;22.2;15.6;66.7;0;28.7;17.7;66
N;22.07.2010;2010;52;22.7;14.9;19.2;14.4;74.8;0.033;35.6;21.3;77.8
N;23.07.2010;2010;53;23;11.6;17.6;13.5;79;1.046;29;14.9;39
N;24.07.2010;2010;54;19;13.1;16.5;11;71.8;0.901;35.5;18;68.7
N;25.07.2010;2010;55;21.1;10.3;16.2;12.8;80.9;0.277;25.5;14.6;83.9
N;26.07.2010;2010;56;19.7;15.4;17.3;14.9;86.4;3.184;46.2;25.3;94.7
N;27.07.2010;2010;57;21.5;15.4;18.1;14.7;81.2;0;38.9;17.9;87.2
N;28.07.2010;2010;58;20.8;16.7;18.6;15.3;81.7;7.67;35.6;21.6;71.6
N;29.07.2010;2010;59;19;14.6;16.5;13.6;83.2;3.011;43.1;25.2;95.2
N;30.07.2010;2010;60;21;14;17.5;12.4;73.6;3.767;32;18;42.2
N;31.07.2010;2010;61;21;13.8;17.9;15.3;85.1;0.046;35.7;24.5;96.3
N;01.08.2010;2010;62;21.6;15.3;18.4;14.8;80.7;0.018;25.8;14.1;73
N;02.08.2010;2010;63;19.1;12.9;16.4;14.4;88.4;5.588;24.4;10.8;91.2
N;03.08.2010;2010;64;20.8;11.7;16.7;12.8;79.2;0.051;35.7;21.4;42.8
N;04.08.2010;2010;65;18.6;14.1;16.1;13.9;86.9;5.478;39.5;24.2;92.6
N;05.08.2010;2010;66;19.7;11.9;15.7;12.8;83.5;6.997;36.2;24.6;69.1
N;06.08.2010;2010;67;21.6;8.8;15.8;10.4;73.5;0.008;31.9;14.3;26.4
N;07.08.2010;2010;68;20;14.3;17.2;14;81.8;0.994;28.7;17.5;96
N;08.08.2010;2010;69;20.5;13.9;17.3;15.3;88.4;2.976;32.5;18.4;81.7
N;09.08.2010;2010;70;21.8;12.1;17.5;13.3;78.1;0.285;25.4;10.9;58
N;10.08.2010;2010;71;21.6;13.7;17.3;14.6;84.5;2.093;39.2;21.7;68.7
N;11.08.2010;2010;72;20.1;12.4;17.7;13.6;78.6;5.13;35.6;21.5;67.2
N;12.08.2010;2010;73;19.5;9.5;14.4;11.8;85.1;0.185;45.7;17.7;55.6
N;13.08.2010;2010;74;20.5;10.3;14.7;11.7;83.6;0.537;32.5;18.2;36.5
N;14.08.2010;2010;75;23.6;10.5;17.3;13;78.4;0.008;25.5;18;33.8
N;15.08.2010;2010;76;20.5;15.2;17.4;14.6;84;0;50.3;32.3;85.8
N;16.08.2010;2010;77;21.6;17.2;18.9;16.6;86.7;25.344;46.6;18.4;92.6
N;17.08.2010;2010;78;17.8;15.2;16.3;15.6;95.3;14.957;47;31.8;100
N;18.08.2010;2010;79;19.3;14.6;16.9;14.1;84.4;6.337;47;31.8;86.9
N;19.08.2010;2010;80;20.6;13.6;16.7;12.6;77.8;0.905;42.4;21.8;63.9
N;20.08.2010;2010;81;26.6;13.9;20.3;14.1;69.4;0;39.2;28;61.9
N;21.08.2010;2010;82;24.2;17.2;20.6;17.4;82.4;0;39.8;28.4;53.3
N;22.08.2010;2010;83;22.2;17.1;19.8;17.4;86.5;0;42.5;28.1;91.6
N;23.08.2010;2010;84;20.8;16.8;18.8;16.8;89;7.963;72.1;46.1;95.2
N;24.08.2010;2010;85;19.5;13.3;16.3;11.4;73.7;11.351;69.6;39.4;69.2
N;25.08.2010;2010;86;19.4;13;15.9;12.4;80.4;6.445;69.8;21.9;58.9
N;26.08.2010;2010;87;16.5;13.6;15;14.7;97.9;22.426;29.1;21.1;100
N;27.08.2010;2010;88;16.5;13.1;14.7;13;90.6;18.217;43.1;25;89.6
N;28.08.2010;2010;89;16.2;10.7;13.6;11;84.5;4.97;43;22.1;68.5
N;29.08.2010;2010;90;15.8;9.8;12.6;10.9;89.7;5.653;71.8;35.7;89.1
N;30.08.2010;2010;91;17.8;10.5;14.3;11.2;82.3;22.744;78.1;42.7;59.9
N;31.08.2010;2010;92;17.1;8.2;13.8;10.2;79.7;0;35.7;18;20.3
N;10.06.2011;2011;10;18.6;6.5;13.5;7.9;72.1;0.081;45.6;17.3;63.9
N;11.06.2011;2011;11;15.3;8.3;11.9;8.9;82.9;9.57;58.6;18.2;82.3
N;12.06.2011;2011;12;18.5;5.8;13.2;7.2;70.9;0;29.1;21.5;32
N;13.06.2011;2011;13;18.4;13.4;16;12.1;78.1;0.104;40;27.8;93
N;14.06.2011;2011;14;19.6;12.3;16.3;11.4;74.3;0.014;32.3;17.7;44.1
N;15.06.2011;2011;15;22.5;9.2;15.9;12.6;81.5;0.025;32;21.2;63
N;16.06.2011;2011;16;16.8;13.4;15.4;13.3;87.4;10.844;46.1;28.5;90.2
N;17.06.2011;2011;17;17.8;11;14.5;10.5;78.2;2.178;46.9;24.7;82.6
N;18.06.2011;2011;18;16.7;12.2;14.3;11.1;81.8;1.357;61.3;38.9;92.3
N;19.06.2011;2011;19;16;11.3;13.6;11;85.1;10.528;60.1;35.6;98.2
N;20.06.2011;2011;20;19.7;11.2;15.3;11.5;79.6;0.047;35.8;17.7;91.1
N;21.06.2011;2011;21;20.1;14.2;16.6;13.2;81.4;1.944;46.5;28.3;92.4
N;22.06.2011;2011;22;16.7;13.9;15.2;11.2;77.3;0.864;46.5;25.2;72.3
N;23.06.2011;2011;23;18.5;12.4;15.2;11.7;79.9;2.93;43.5;28.7;90.6
N;24.06.2011;2011;24;17.5;9.8;14;9.7;76.1;1.403;45.9;28.7;58.5
N;25.06.2011;2011;25;16.6;10.6;13.5;12.4;93;5.75;38.8;21.5;99.6
N;26.06.2011;2011;26;24.2;16.2;19.7;16.5;83.2;0.964;26.9;14.6;59.5
N;27.06.2011;2011;27;30.9;15.6;23.7;16.4;66.7;0;32.4;18.4;0.6
N;28.06.2011;2011;28;32.3;20.2;25.2;19.1;70.3;0.01;60.6;34.5;50.2
N;29.06.2011;2011;29;20.6;14;18;15.3;84.8;23.874;61.1;25.2;82.8
N;30.06.2011;2011;30;18.1;12.5;15.2;10;71.9;0.086;39.6;25.1;25.7
N;01.07.2011;2011;31;16.7;12.7;14.6;9.7;72.9;1.273;43.2;28.3;64.9
N;02.07.2011;2011;32;16.6;12.1;14.3;9.2;72.3;0.756;39.8;25.5;66.6
N;03.07.2011;2011;33;17.5;12.5;14.8;9.3;69.6;0;39.7;24.9;87
N;04.07.2011;2011;34;18.5;10;14.5;10.6;78.4;0;28.6;17.5;59
N;05.07.2011;2011;35;23.4;8.6;16.4;11.8;76.6;0;21.4;11;23.4
N;06.07.2011;2011;36;21.4;13.9;17.6;13.1;75.9;1.864;46.8;28.5;75.7
N;07.07.2011;2011;37;22.2;13;17.9;11.5;68.6;0.005;39.2;27.8;70.1
N;08.07.2011;2011;38;21.6;12.5;17.3;11.6;70.8;0.43;47.1;31;82
N;09.07.2011;2011;39;20.7;12.2;17.1;12.1;73.5;3.863;46.5;31.9;70
N;10.07.2011;2011;40;20.1;11.3;15.9;12.4;80.1;2.862;32.4;14.5;33.8
N;11.07.2011;2011;41;22.3;9;16.4;11.8;76.9;0;18;10.8;35.1
N;12.07.2011;2011;42;22.2;13.2;17.1;13.5;80.5;0.045;50.2;32.3;77.1
N;13.07.2011;2011;43;13.9;13.2;13.5;12.6;94.5;42.986;59.8;35.4;100
N;14.07.2011;2011;44;17;13.4;14.7;14;95.4;15.197;68.2;39.6;100
N;15.07.2011;2011;45;20.6;13.6;16.8;13;79.6;20.15;68.1;39.1;61.9
N;16.07.2011;2011;46;20.4;13.9;16.4;13.6;83.8;7.077;40.4;25;91.5
N;17.07.2011;2011;47;19.2;13.8;15.8;12.7;82.7;9.923;60.5;35.1;87.5
N;18.07.2011;2011;48;16.3;14.1;14.9;13;88.4;7.299;50.1;32.1;99.9
N;19.07.2011;2011;49;19.8;12.4;16.4;12;76.1;0.521;39.7;21.5;75.3
N;20.07.2011;2011;50;20.6;14.3;17.1;13;78.5;0.236;20.6;10.7;96.2
N;21.07.2011;2011;51;20.3;13.2;16.6;13.6;83.2;0.037;36;21.6;65.5
N;22.07.2011;2011;52;17.1;11.5;14.6;10;74.6;0.27;46.9;25.8;83.8
N;23.07.2011;2011;53;16.2;12;13.7;10;78.8;2.147;57.2;35.7;86.3
N;24.07.2011;2011;54;13.8;11.9;13;12;93.7;22.009;61;36;100
N;25.07.2011;2011;55;18.5;9.2;14.5;11.5;83;1.085;39.5;14.6;76.1
N;26.07.2011;2011;56;17.1;13.2;15;13.1;88.6;1.334;18.4;10.9;100
N;27.07.2011;2011;57;21.1;11.6;16.7;14.2;86;0;25;14.6;72.2
N;28.07.2011;2011;58;23.9;14.1;18.6;15.6;83.6;0.004;32.2;18.2;56.5
N;29.07.2011;2011;59;17.1;14.1;15.6;12.7;82.8;0.004;32.6;21.7;86.1
N;30.07.2011;2011;60;15.8;13.6;14.6;11.3;80.9;0.906;32.3;18.4;100
N;31.07.2011;2011;61;16.6;13.1;14.8;10.6;76;0;22.4;10.7;99.6
N;01.08.2011;2011;62;21.3;7.3;15.3;10.9;77.6;0;18.5;10.8;18.9
N;02.08.2011;2011;63;26.6;11.6;19.8;15;76;0;31.7;17.9;27.7
N;03.08.2011;2011;64;22.5;18;19.9;17;83.8;0.115;24.5;14.2;98.1
N;04.08.2011;2011;65;24.1;13;19.1;16;84;0.1;35.4;21.3;42.7
N;05.08.2011;2011;66;21.6;15.1;18.9;16;83.9;10.301;39.2;21.3;66.2
N;06.08.2011;2011;67;24;13.6;18.3;16.1;88.3;8.205;36.2;24.8;81.8
N;07.08.2011;2011;68;20.1;14.1;16.5;13;81.2;8.91;63.7;35.7;74.9
N;08.08.2011;2011;69;18.1;12.7;15.1;12.2;84;6.757;57.6;35.6;85.6
N;09.08.2011;2011;70;16.7;13.6;14.9;11.1;78.9;7.464;54.6;32.7;88.6
N;10.08.2011;2011;71;18.6;10.6;15.1;10.8;76;0.092;60.7;31.4;89.1
N;11.08.2011;2011;72;19;14.7;16.8;14.8;88.3;6.506;53.4;35.5;98.8
N;12.08.2011;2011;73;20;13.2;17;15.3;89.8;0.831;40.3;21.4;93.5
N;13.08.2011;2011;74;18.8;12.1;16.2;15.1;93.5;2.292;25.3;14.5;93.8
N;14.08.2011;2011;75;20.9;12.6;17.5;15.1;86.8;4.702;32.4;21.3;73.9
N;15.08.2011;2011;76;20.2;11.5;15.6;11.7;79.5;0;32.4;21.6;32.6
N;16.08.2011;2011;77;20.5;10.5;16.3;12.1;77.8;0.45;29.3;21.6;94.4
N;17.08.2011;2011;78;20.3;12.8;16.5;13.2;81.5;0;25.6;17.9;75.5
N;18.08.2011;2011;79;18.2;12.9;15.4;13.6;89.1;3.461;32.2;18;98.3
N;19.08.2011;2011;80;18.6;11.3;16.2;12.5;80;0.322;43;25.3;66.9
N;20.08.2011;2011;81;22;9.3;16.2;12.3;79.4;0;29;17.9;71.9
N;21.08.2011;2011;82;26.2;12.7;19.1;16.1;83.1;2.725;36.1;21.6;53.8
N;22.08.2011;2011;83;21.8;12.6;17.1;15.3;89.6;0.02;28.1;14.5;67.2
N;23.08.2011;2011;84;22.6;15.3;18.6;17.2;92;6.155;35.6;20.9;85
N;24.08.2011;2011;85;20;16.6;18.4;17;91.8;1.36;28.4;17.3;97.1
N;25.08.2011;2011;86;23.5;12.9;17.7;14.3;82.1;0.068;32.3;21.2;56.6
N;26.08.2011;2011;87;21.3;14.1;17.8;15.8;88.1;1.384;46.4;27.9;80.8
N;27.08.2011;2011;88;18.5;12;15;12.7;86.2;0.96;42.7;31.5;85.9
N;28.08.2011;2011;89;15.7;11.2;13.3;11.8;90.9;10.976;39.8;28.2;71.3
N;29.08.2011;2011;90;14.5;11.3;12.9;10;83.4;5.295;46.8;28.7;85
N;30.08.2011;2011;91;17.7;9.1;13.3;10.2;82.1;1.005;29.8;11.4;76.5
N;31.08.2011;2011;92;16.3;10.5;13.8;11.4;86;0.555;28.8;14.4;87.5
N;10.06.2013;2013;10;14.6;10.3;12.2;6.9;70.3;0;21.8;14.4;87.7
N;11.06.2013;2013;11;20.7;8.5;14.8;7.9;65.6;0;18;10.9;82.4
N;12.06.2013;2013;12;21.1;16;18.2;13.4;74;0.001;42.5;28.3;93.8
N;13.06.2013;2013;13;18.1;14.3;16.5;13.1;80.8;3.644;54;35.7;96.6
N;14.06.2013;2013;14;18.2;11.9;15.2;9.3;68.4;0;43.6;29.1;77.6
N;15.06.2013;2013;15;17.5;11.1;14.6;8;66;3.053;70;48.7;53.8
N;16.06.2013;2013;16;18.5;11;14.5;8.5;67.8;0.063;48.8;31.5;74.5
N;17.06.2013;2013;17;22.6;8.2;16.6;10.6;69.9;0;35.5;24.8;43.5
N;18.06.2013;2013;18;28.2;13.7;20.9;15.5;72.9;0;25.3;21.2;57.8
N;19.06.2013;2013;19;25.4;17.4;21.2;17.9;82.1;0.006;35.8;25.2;64.4
N;20.06.2013;2013;20;21.7;15.8;18.6;17.2;91.4;4.205;24.6;17.4;85.7
N;21.06.2013;2013;21;18.3;14.9;16.3;15.1;92.5;7.046;52.3;38.1;95.8
N;22.06.2013;2013;22;19;13.9;16.1;13.1;82.7;5.504;53.3;35.4;90.1
N;23.06.2013;2013;23;17.9;12.4;14.4;11.6;83.6;11.383;46.7;35.6;90.1
N;24.06.2013;2013;24;16;12.4;13.7;11.2;84.9;0.755;36.1;25.2;99.2
N;25.06.2013;2013;25;16.1;11.4;13.4;8.4;72.5;0.002;32.1;21.4;70.7
N;26.06.2013;2013;26;16.3;9.4;13.3;8.6;73.9;0.003;32.1;21.4;42.6
N;27.06.2013;2013;27;14.7;11.2;12.7;9;78.5;0.348;32.3;21.9;87.9
N;28.06.2013;2013;28;15.8;10.9;13.5;10.9;84.6;0.478;39;25.1;99.6
N;29.06.2013;2013;29;15.8;11.7;14.4;10.1;77;8.179;46.4;28.8;72.8
N;30.06.2013;2013;30;21;8;15.3;11.6;79.7;0;35.5;24.6;76
N;01.07.2013;2013;31;18.4;13.1;15.9;12.6;81.4;0;35.7;21.6;72.5
N;02.07.2013;2013;32;20;8.9;15.8;11;75.6;0;21.5;14.2;71.4
N;03.07.2013;2013;33;18.5;14.9;16.7;14.6;87.6;3.902;31.6;20.9;99.2
N;04.07.2013;2013;34;21.7;13.5;17.3;14.9;86.6;0;36.2;25.3;83.6
N;05.07.2013;2013;35;22.1;14.3;18;14.6;82;0.092;24.9;17.3;54.1
N;06.07.2013;2013;36;23.8;10.2;17.7;12.6;73.6;0;25;14.3;6.8
N;07.07.2013;2013;37;23.2;11.5;18.2;14;78;0;28.6;21.3;2.2
N;08.07.2013;2013;38;24;12.2;18.2;13.2;75;0;32.6;25.1;2.8
N;09.07.2013;2013;39;21.9;10;16.7;12.4;77.5;0;25.2;18;8.2
N;10.07.2013;2013;40;18;11.7;15.2;12;81.9;0.001;32.5;21.7;66.1
N;11.07.2013;2013;41;17.1;12;14.8;9.8;72.6;0;28.6;21.1;92.4
N;12.07.2013;2013;42;18.2;11.3;14.6;11.6;82.8;0.835;25.1;17.8;82.5
N;13.07.2013;2013;43;18.9;12.4;16;12.2;79.1;0;25.1;14.5;64
N;14.07.2013;2013;44;20.3;12.2;16.5;13.2;81.9;0;18.1;11;63.6
N;15.07.2013;2013;45;24;11.2;18.1;12.7;73.2;0;21.6;14.3;28.7
N;16.07.2013;2013;46;24.1;11;18.2;13.1;75.5;0;17.8;10.9;50.5
N;17.07.2013;2013;47;24.1;13.9;19.5;16;81.6;0;21.5;14.3;50.9
N;18.07.2013;2013;48;25.2;13.9;20;15.3;76.2;0;32.4;21.7;1.8
N;19.07.2013;2013;49;24.6;12.5;19.2;14.3;75.2;0;36;24.8;9.7
N;20.07.2013;2013;50;23;16.7;18.9;14.3;75.5;0;28.4;17.5;71.3
N;21.07.2013;2013;51;30.2;13.3;22.1;14;65.9;0;31.6;14.4;2.1
N;22.07.2013;2013;52;31;15.6;23.8;15.9;65.1;0;21.5;14.2;10
N;23.07.2013;2013;53;31.4;16.1;24.1;17.2;67.4;0;18.2;14.2;26.7
N;24.07.2013;2013;54;25.8;16.7;21.1;16.9;77.7;0.002;28.5;18.1;56.3
N;25.07.2013;2013;55;28.1;13;21;15.5;74;0.396;25.1;17.5;31.7
N;26.07.2013;2013;56;26.2;15.5;20.9;18.4;86.6;5.521;24.3;17.3;66.4
N;27.07.2013;2013;57;25;17.2;21;18.8;88.5;9.075;21.4;14.4;57.2
N;28.07.2013;2013;58;22.8;17.6;20.4;16.3;78.4;14.47;42.8;27.5;68
N;29.07.2013;2013;59;23.5;16.5;20;14.9;73.6;0;36.2;28.7;31.1
N;30.07.2013;2013;60;20.2;15;17.6;14.6;83;0.929;42.6;31.7;79.7
N;31.07.2013;2013;61;21.9;16;18.8;15.9;83.9;2.133;39.3;25.2;86.8
N;01.08.2013;2013;62;30;18.5;24;17.9;70.6;0.004;28.8;17.9;46.4
N;02.08.2013;2013;63;33.4;18;25.7;18.7;66.9;0;32.2;20.9;9.4
N;03.08.2013;2013;64;22.6;16.2;20.5;14.9;72;0;46.5;32;40.7
N;04.08.2013;2013;65;24.5;13.2;19;13;70.4;0;21.6;14.4;14.6
N;05.08.2013;2013;66;28.4;13.4;21.5;14.5;68.8;0;35.5;21.2;39.4
N;06.08.2013;2013;67;20.6;13.9;18.5;15;80.7;7.869;32.8;24.9;64.1
N;07.08.2013;2013;68;17.2;12.2;14.6;13.3;91.9;8.679;38.9;24.9;69.5
N;08.08.2013;2013;69;19.9;13.8;16.8;13;79.3;2.774;29;18.2;52.7
N;09.08.2013;2013;70;22.2;11;17;12.8;78.1;0.015;28.7;18.1;64.9
N;10.08.2013;2013;71;18.8;13.6;16.7;12.3;76.8;0.006;45.9;28.6;67
N;11.08.2013;2013;72;20.6;10.8;16.2;11.7;75.5;0.195;39.5;28.5;66
N;12.08.2013;2013;73;20;11.6;16.1;11.8;77.4;0;36;24.9;51.1
N;13.08.2013;2013;74;17.6;11.1;15.1;11;77.1;2.128;39.3;28.6;60.4
N;14.08.2013;2013;75;19.8;8.6;14.5;9.2;73.9;0;24.9;14.5;31.4
N;15.08.2013;2013;76;20.2;8.7;15.2;13.1;87.9;1.989;29.1;21.7;50.6
N;16.08.2013;2013;77;24.9;14;18.7;14.9;80.3;0.659;35.9;28.2;49.5
N;17.08.2013;2013;78;22.6;16;19.1;15.9;83;1.896;35.8;25.1;89.3
N;18.08.2013;2013;79;22;14.5;18.5;15.2;82.3;5.519;39.4;28.3;71.4
N;19.08.2013;2013;80;19.1;13.3;15.9;13;84.2;2.194;35.5;24.9;74.1
N;20.08.2013;2013;81;21.1;9.1;15.2;10.6;77;0;17.7;10.9;53.5
N;21.08.2013;2013;82;22.3;9.1;16.1;12;78.8;0;28.2;14.4;33.2
N;22.08.2013;2013;83;22.4;10.8;17;13.8;83;0;18;13.9;44.8
N;23.08.2013;2013;84;24.1;13.1;18.6;14.6;80;0;28.8;18;25.8
N;24.08.2013;2013;85;24.2;15.1;19;14;74.5;0.007;32.2;21.6;51.6
N;25.08.2013;2013;86;23.6;15.7;18.2;15.6;86.4;1.866;25.1;18;64.2
N;26.08.2013;2013;87;23;11.3;17.1;10.8;69.6;0;39.5;21.7;3
N;27.08.2013;2013;88;23.1;9.9;16.7;10.4;69.4;0;25.2;17.7;12.6
N;28.08.2013;2013;89;22.6;11.9;17.5;13.6;79.3;0;25.2;17.9;41.1
N;29.08.2013;2013;90;22.1;10;16.2;12.3;80.4;0;25.1;15;29.9
N;30.08.2013;2013;91;21.9;11.8;16.8;13.8;83.4;0;28.8;18.3;35.3
N;31.08.2013;2013;92;20.5;14.2;17.1;12.5;75.8;0.101;39.4;25.3;74.8
N;01.06.2014;2014;1;17.5;8.2;13.2;8.6;74.9;0;21.5;14.2;40.3
N;02.06.2014;2014;2;19.1;6.5;13.5;9.3;77.2;0;21.4;13.8;22.3
N;03.06.2014;2014;3;19.9;7.6;15;10.5;76;0;28.4;17.3;52.8
N;04.06.2014;2014;4;18.6;12.2;15.1;13.2;88.8;9.312;38.4;24.4;81.8
N;05.06.2014;2014;5;16.2;9.2;12.8;9.6;81.8;9.536;43.7;29.2;75.1
N;06.06.2014;2014;6;21.4;8.3;15;9.5;71.2;0.007;25;17.5;17.5
N;07.06.2014;2014;7;26.7;10.7;19.3;14.4;74.3;0;25.2;18.2;39.4
N;08.06.2014;2014;8;23.3;15.6;19.1;15.8;81.8;0.604;18.2;13.9;60.5
N;09.06.2014;2014;9;26.6;15.9;20.9;17.7;82.9;0.095;24.5;20.6;76.2
N;10.06.2014;2014;10;24.1;17.2;20.4;17.4;83.4;4.639;46.7;32.2;75.3
N;11.06.2014;2014;11;20.3;13.2;17.3;12.1;72.7;0.006;28.7;17.9;37.8
N;12.06.2014;2014;12;23;9.3;16.3;11.4;75.6;0;25.1;17.9;16.9
N;13.06.2014;2014;13;21.1;11;16.7;12.4;77.1;0;28.9;21.5;47.2
N;14.06.2014;2014;14;18.5;13.9;15.9;10.6;71.2;0.09;39.4;25;84.6
N;15.06.2014;2014;15;19;11.2;15.3;10.4;73.1;0;35.8;21.6;71.4
N;16.06.2014;2014;16;17.5;11.9;14.5;10.8;78.9;1.008;39.4;25.2;96.5
N;17.06.2014;2014;17;18.7;12.2;15.9;11.8;76.9;0;39.4;28.3;69.6
N;18.06.2014;2014;18;19.4;10.7;15.1;11.4;80.1;0.118;31.9;18;76.2
N;19.06.2014;2014;19;15.8;14.1;14.6;11;79.4;0.197;32.1;18.4;98.6
N;20.06.2014;2014;20;16.8;12.1;14.3;10;76.2;0.38;39.4;21.7;96.1
N;21.06.2014;2014;21;19.5;11.3;15.4;10.8;75.2;0.183;28.1;17.8;71
N;22.06.2014;2014;22;19;10.7;15.1;10.7;76;0.014;35.7;21.4;46.9
N;23.06.2014;2014;23;19.5;8;14.6;10.1;76.1;0;28.5;14.4;44.5
N;24.06.2014;2014;24;19.6;12.2;15.2;11.4;78.7;0.186;35.5;24.8;77.5
N;25.06.2014;2014;25;18.6;9.3;14.7;8.8;69.7;0.002;25.1;14.9;50.7
N;26.06.2014;2014;26;20.4;11.1;16.1;10.7;72.5;0;21.5;14.1;48.6
N;27.06.2014;2014;27;20.7;12.6;16.4;12.6;78.4;0.343;41.2;24.1;91.2
N;28.06.2014;2014;28;20.3;14.2;17.1;12.8;77;0.004;28.7;21.3;77.2
N;29.06.2014;2014;29;18.5;13.5;15.9;11.7;77.3;4.188;28.6;17.7;77.9
N;30.06.2014;2014;30;16.8;11.2;14.2;10.8;81.1;10.203;28.7;18;88.5
N;01.07.2014;2014;31;17.8;7.6;13.6;9.2;75.8;0.16;28.9;18.4;38.1
N;02.07.2014;2014;32;19.3;11.1;15.4;10.2;73;0;25.1;14.3;66.6
N;03.07.2014;2014;33;24.7;10.3;18.1;11.1;67.3;0;35.9;21.7;49.7
N;04.07.2014;2014;34;28.1;13.2;21;12.7;61.9;0;32.3;21.6;45
N;05.07.2014;2014;35;21.6;17.4;19.7;16.3;80.9;2.206;42.6;28.5;84.1
N;06.07.2014;2014;36;24.1;15.6;19.9;16.8;83.4;9.566;43;28.6;95.5
N;07.07.2014;2014;37;21.9;12.8;17.3;13.4;79.3;2.957;28.4;17.8;56.9
N;08.07.2014;2014;38;17.1;13.7;15.7;13.4;86.7;1.643;35.3;18.4;94.6
N;09.07.2014;2014;39;18.3;13.8;16;14.8;92.4;2.82;52.9;32.1;99.1
N;10.07.2014;2014;40;25.9;15.6;21.2;18.7;87;1.989;18.2;14.2;41.5
N;11.07.2014;2014;41;25.2;16;20.7;18.6;88.4;18.868;37.8;23.7;66.4
N;12.07.2014;2014;42;24.2;13.6;19.4;14.7;76.8;0.092;18;14;25.6
N;13.07.2014;2014;43;22.5;15.8;19.1;15.9;82.4;0.011;28.3;21.1;78.7
N;14.07.2014;2014;44;21.1;15.7;18.8;15.8;83.6;0.51;35.8;24.9;79
N;15.07.2014;2014;45;21;13.7;16.8;14.7;87.8;0.099;32.1;21.4;77.4
N;16.07.2014;2014;46;24.6;13.5;19.2;14.5;76.6;0;17.9;10.6;45.1
N;17.07.2014;2014;47;26.3;14.3;20.6;15.8;76.8;0;18;14.5;25.1
N;18.07.2014;2014;48;30.8;15.9;23.4;17.2;71;0;25.1;17.8;15.5
N;19.07.2014;2014;49;33.4;18.3;26.2;16.6;59.5;0;35.4;24.7;30.3
N;20.07.2014;2014;50;25.3;20.8;22.9;18.7;77.9;0.923;31.9;20.5;81.5
N;21.07.2014;2014;51;20.6;19.3;20.1;19.1;94.4;11.61;25;14.8;96.4
N;22.07.2014;2014;52;27.2;17.8;22.2;17.1;75.2;0.234;39.3;25;38.2
N;23.07.2014;2014;53;28.1;17.3;22.6;15.2;65.9;0;43;28.6;32.3
N;24.07.2014;2014;54;25.6;14.9;20.9;14.4;67.8;0;39.5;28.2;24.8
N;25.07.2014;2014;55;19.5;16.7;18;16;88.1;1.67;24.3;17.4;98.4
N;26.07.2014;2014;56;24.7;17.3;20.8;18.1;85.7;0.527;24.6;17.1;74.1
N;27.07.2014;2014;57;24.9;17.7;20.6;17.5;83.7;0.025;25.1;17.8;45.7
N;28.07.2014;2014;58;21.8;15.8;18.9;17.3;90.8;4.876;32.1;21.4;92.6
N;29.07.2014;2014;59;25.5;18;21.4;18.6;84.6;0.991;46.5;31.5;44
N;30.07.2014;2014;60;22.5;15.6;19.2;14.9;76.6;0;35.9;21.7;45.9
N;31.07.2014;2014;61;24.3;12.5;18.6;14.2;77.8;0;32.2;21.3;17.1
N;01.08.2014;2014;62;25.6;12.8;19.9;15.6;78.6;0;28.5;17.5;28.3
N;02.08.2014;2014;63;28;16.3;20.6;17.1;82.4;4.559;32.4;24.4;52.7
N;03.08.2014;2014;64;24.4;14.4;19.7;15.5;78.7;0;25;14.8;44.8
N;04.08.2014;2014;65;22.8;14.5;19.2;14;73.4;0.181;28.7;18;48.9
N;05.08.2014;2014;66;23.9;10.8;17.7;13.1;77.1;0;20.5;11;32.6
N;06.08.2014;2014;67;22.3;14;18;14.1;79.4;2.828;28.9;21.6;66.5
N;07.08.2014;2014;68;23.3;15.2;18.8;15.8;84.4;0.564;21.4;14.5;67.2
N;08.08.2014;2014;69;23.3;13.3;18.2;16.1;88.4;1.244;28.7;18.2;64
N;09.08.2014;2014;70;22.7;17.3;19.6;14.9;76.5;4.937;50.4;35.7;80.3
N;10.08.2014;2014;71;22.6;16.1;18.5;15.7;84.2;9.552;45.8;29;86.1
N;11.08.2014;2014;72;20.8;14.7;16.9;12.6;76.6;2.481;50.2;35.8;46.1
N;12.08.2014;2014;73;19.9;13.9;16.1;12;78.1;11.146;53.5;35.3;74.5
N;13.08.2014;2014;74;21;12.4;16.4;12;76.8;0.435;39.1;28.1;38.9
N;14.08.2014;2014;75;20;13.4;16.5;13;81.2;2.155;35.7;24.9;68
N;15.08.2014;2014;76;18.6;12.1;15.3;12.7;85.3;3.884;25.3;18.1;72.7
N;16.08.2014;2014;77;17.9;12.5;15.5;11.7;78.8;2.127;39.2;25.5;77.7
N;17.08.2014;2014;78;16.2;12.3;15.2;13.1;87.3;8.719;46.7;32.3;93.3
N;18.08.2014;2014;79;15.9;10.7;13.5;11.5;87.6;8.462;53.5;32.4;69.1
N;19.08.2014;2014;80;16.1;9.1;12.5;10.1;86.2;2.685;42.7;28.5;83
N;20.08.2014;2014;81;16.6;9.2;12.9;9.6;81.6;4.492;34.8;27.4;61.3
N;21.08.2014;2014;82;17.1;7.6;12.9;9.5;80.9;0.18;35.6;24.7;70.1
N;22.08.2014;2014;83;15.9;9.8;13.3;11;86.4;12.716;38.9;24.9;91.3
N;23.08.2014;2014;84;15.6;8;11.7;9.8;89;3.426;34.6;24.2;54.8
N;24.08.2014;2014;85;17.1;7.3;12.1;8.8;82.1;0.168;32;24.7;28.3
N;25.08.2014;2014;86;16.5;7.6;12.6;9.6;82.9;0.253;25;17.9;85.9
N;26.08.2014;2014;87;17.8;11.4;13.9;11.1;84;4.691;32.6;25.2;72.8
N;27.08.2014;2014;88;20.8;6.1;14.1;9.9;78.7;0;17.9;10.8;8.4
N;28.08.2014;2014;89;21;10.5;16.6;13.9;84.6;0.015;34.9;24.2;55
N;29.08.2014;2014;90;20.9;13.9;16.9;13.5;82;0.759;39.4;28.5;45.6
N;30.08.2014;2014;91;19.5;13.6;16.6;14.2;86.2;2.333;42.2;28.3;85.7
N;31.08.2014;2014;92;18.6;12;15.4;12.9;85.8;3.245;28.9;21.3;66.2
N;01.09.2014;2014;93;20.5;8.3;14.9;12;84.5;0.005;18;14;42.3
N;02.09.2014;2014;94;19.6;10.1;15.4;13.5;89.1;0;18;11;52
N;03.09.2014;2014;95;21.5;10.2;15.8;12.3;82.1;0;42.7;24.6;18.6
N;04.09.2014;2014;96;24.2;11.3;17.5;13.6;79.5;0;28.8;18;7.4
N;05.09.2014;2014;97;22.7;12.9;17.9;15.4;86.5;0;14.2;10.6;63.8
N;06.09.2014;2014;98;19.5;14.7;17.3;15.9;91.9;0;17.9;11;77.2
N;07.09.2014;2014;99;21.1;14.3;17.4;14.5;84;0;24.7;14.5;57.9
N;08.09.2014;2014;100;19.3;9.1;14.7;10.7;79;0;21.8;14.7;16.6
N;09.09.2014;2014;101;17.1;13.4;15.5;11;75;0.006;21.8;14.6;99.8
N;10.09.2014;2014;102;17.8;12.5;15.2;10.4;73.7;0;28.6;17.9;83.9
U;01.06.2006;2006;1;15.9;10.8;12.6;8.7;77.8;0.405;;24.3;67
U;02.06.2006;2006;2;16.3;11;13.2;8.7;74.9;0;;18.4;52.9
U;03.06.2006;2006;3;16.4;9.6;12.9;8.9;77.7;0;;16.7;41
U;04.06.2006;2006;4;15.8;8.1;12.8;9.2;79;0;;17.4;45.5
U;05.06.2006;2006;5;17.4;10.6;14.2;11;81.7;0.019;;12;63.4
U;06.06.2006;2006;6;18.6;8.5;14.8;10.7;77.4;0;;19.7;29.7
U;07.06.2006;2006;7;16.8;11.2;14.2;11.1;82;0.032;;17.9;64.2
U;08.06.2006;2006;8;19.7;10;15.2;11.2;77.9;0;;15.2;57.8
U;09.06.2006;2006;9;26.4;10.2;19.2;11.3;63.4;0;;26.3;30
U;10.06.2006;2006;10;27.5;12.4;21;10.8;55.8;0;51.8;32.5;32.4
U;11.06.2006;2006;11;21.7;14.6;18.7;10.8;61.4;0.08;57.6;35;48.3
U;12.06.2006;2006;12;20.3;10.7;15.8;10.9;74.4;2.56;63;44.3;52.6
U;13.06.2006;2006;13;16.7;11.8;14.7;7.5;62.8;0;;29.9;45.8
U;14.06.2006;2006;14;19.6;6.1;13.6;8.7;73.6;0;;17.8;31.3
U;15.06.2006;2006;15;17.7;8.5;14;9.1;73.2;0;;16.8;41.8
U;16.06.2006;2006;16;16.6;14;15.2;12.3;83;0.064;;15.9;82.1
U;17.06.2006;2006;17;18.7;13.8;16;13.1;83.7;0.869;;16.2;52.6
U;18.06.2006;2006;18;15.9;13.9;14.9;13.2;89.5;4.736;;24.6;74
U;19.06.2006;2006;19;14.5;11.8;13.5;11.2;86.3;5.172;;28.4;74.6
U;20.06.2006;2006;20;15.9;9.1;12.5;9.6;82.6;10.042;64.8;44.4;64
U;21.06.2006;2006;21;12.9;10;11.2;8;81;11.852;72.4;48.9;78.3
U;22.06.2006;2006;22;15.3;10.9;12.7;9.6;81.6;3.481;72.4;38.7;64.3
U;23.06.2006;2006;23;14.5;11.6;12.8;9.5;80.7;0.237;;23.2;58.2
U;24.06.2006;2006;24;15.8;9.8;13;8.3;74.3;0;;13.7;54
U;25.06.2006;2006;25;18.1;8.1;13.5;8.4;72.6;0;;19.1;49.4
U;26.06.2006;2006;26;18.2;8.1;13.6;8.2;71.1;0;;14.7;51.9
U;27.06.2006;2006;27;17.3;9.7;14.2;8.8;71.7;0.035;;19.8;39.8
U;28.06.2006;2006;28;19.2;7.5;13.8;9.8;77.4;0;;25.5;56.4
U;29.06.2006;2006;29;18.6;13.5;15.9;11.2;74.5;0.017;53.6;33.5;59.5
U;30.06.2006;2006;30;18.4;13.7;15.7;13.7;88.2;9.946;;19.1;71.3
U;01.07.2006;2006;31;21.8;11.4;17.3;12.9;76.3;0.019;57.6;27;50
U;02.07.2006;2006;32;21.4;11.7;16.6;13.7;83.4;0.536;;10.4;52.1
U;03.07.2006;2006;33;21.6;15.6;17.9;15.5;86;5.158;;14.2;61.5
U;04.07.2006;2006;34;23.5;13.3;17.7;13.8;78.6;0;;20;33.1
U;05.07.2006;2006;35;22.4;12;17.2;13.8;81.5;0.017;;14.1;29.7
U;06.07.2006;2006;36;21.4;13.1;17.2;14.4;84.1;0;;25.7;48.2
U;07.07.2006;2006;37;18;13;15.3;11.4;78.3;1.889;;32.3;57.1
U;08.07.2006;2006;38;16.4;11.9;13.5;9.4;77;1.962;70.6;30.7;61.1
U;09.07.2006;2006;39;18.1;13;15.4;12.6;83.6;4.333;57.6;35.2;63.2
U;10.07.2006;2006;40;18.7;10.2;14.9;11.6;81.2;0.833;;27.5;55.2
U;11.07.2006;2006;41;17;12.7;14.8;10.7;77.2;4.452;;27.6;44.6
U;12.07.2006;2006;42;16.5;12.9;14.7;11.4;80.7;0.139;;23;59.5
U;13.07.2006;2006;43;17.6;11;14.1;8.6;70.2;0;;21.2;44.1
U;14.07.2006;2006;44;19.6;7;14.3;9.2;72.9;0.017;;15.1;31.4
U;15.07.2006;2006;45;20.3;10.1;15.7;10.6;73;0;;15.7;30
U;16.07.2006;2006;46;21.5;10.2;16.5;11;71.2;0;;16;36.2
U;17.07.2006;2006;47;23.1;11.2;18.1;12.8;72.4;0;;13.5;31.1
U;18.07.2006;2006;48;29.2;13.9;21.5;16.2;73.8;0;;14.4;31
U;19.07.2006;2006;49;31.1;15;22.8;14.3;63.1;0;;21.5;15.1
U;20.07.2006;2006;50;23.5;15.1;19;15.3;79.5;0.316;;17.4;46
U;21.07.2006;2006;51;20.2;14.7;17.9;15.8;87.6;0.94;;14.1;68.2
U;22.07.2006;2006;52;21.8;13.7;18.5;14.4;77.9;0.018;;14.5;29.2
U;23.07.2006;2006;53;21.4;16.1;18.5;13.5;73.2;1.368;;24.1;49.1
U;24.07.2006;2006;54;22.4;12.8;18.2;12.9;72.1;0;;16.7;45.3
U;25.07.2006;2006;55;25.9;13.2;19.7;13.9;70.7;0.032;;14.1;38.2
U;26.07.2006;2006;56;23.5;16;19.9;15.7;77.4;0;;22.6;32.5
U;27.07.2006;2006;57;22.3;14.3;18.3;14.3;79.1;0;;17.6;38.2
U;28.07.2006;2006;58;21.1;13.5;17.4;14.2;81.8;1.072;;12.9;51.6
U;29.07.2006;2006;59;20.8;16.2;18.3;15.1;81.8;2.029;59.4;27.7;48.3
U;30.07.2006;2006;60;21.8;12.2;17;11.9;73.4;1.188;;27.6;49.9
U;31.07.2006;2006;61;19.7;12;15.5;11.9;80.1;3.263;;34.6;52.1
U;01.08.2006;2006;62;16.7;12.8;14.9;12.2;83.7;1.227;;33.9;58.7
U;02.08.2006;2006;63;17.3;13.6;15.2;11.9;81;0.863;53.6;29.5;48.7
U;03.08.2006;2006;64;19.4;8.6;14.6;10.5;77.8;0;;26.9;30.9
U;04.08.2006;2006;65;16.7;12.8;14.6;12.9;89.8;0.497;;18.4;67.3
U;05.08.2006;2006;66;22.2;15.9;18.7;16.9;90;2.094;;19.4;72
U;06.08.2006;2006;67;20.8;13.1;17.5;14.5;82.7;2.778;;20.5;68.9
U;07.08.2006;2006;68;18;7.4;13.7;9.2;76;0.014;;24;54.2
U;08.08.2006;2006;69;15;7;12.2;10;87.4;0.448;;23.5;67.1
U;09.08.2006;2006;70;15.7;12.9;14;9.6;75.5;3.848;68.4;38.1;59
U;10.08.2006;2006;71;16.5;11.9;13.7;9.8;77.3;0.055;;30;60.5
U;11.08.2006;2006;72;18.6;8.6;13.6;9.3;75.8;0.017;;26.1;41.6
U;12.08.2006;2006;73;17.8;11;14.5;10.1;75.8;0;;23.2;52.1
U;13.08.2006;2006;74;18.6;7.1;13.3;8.9;76.2;0;;17.7;37.8
U;14.08.2006;2006;75;18.7;10.2;14.8;11.1;79.5;0.019;;16.1;45
U;15.08.2006;2006;76;15.3;12.1;13.8;10.9;83;0.183;;17.3;71
U;16.08.2006;2006;77;19.1;8.8;14.2;10.7;80.6;0.069;;20.8;41.1
U;17.08.2006;2006;78;20.3;8.4;14.1;11.5;85.2;3.414;;13.6;37.2
U;18.08.2006;2006;79;18.8;13.9;16.1;14.4;90.2;32.748;;16.5;53.3
U;19.08.2006;2006;80;20.7;13.1;16.8;14;84.4;20.185;;12.5;50.8
U;20.08.2006;2006;81;18.7;13.8;15.9;13.4;86.1;3.214;;23.1;53.7
U;21.08.2006;2006;82;18.6;13.6;15.3;12.6;84.2;6.966;;23.1;66.3
U;22.08.2006;2006;83;18.1;12;15.2;11.3;78.6;0.049;;16.3;61.1
U;23.08.2006;2006;84;19.1;12.9;16;12.7;81.3;1.057;;18.4;58
U;24.08.2006;2006;85;18.3;8.1;13.7;9.8;78.9;0.225;;16.5;36.2
U;25.08.2006;2006;86;17.1;9.1;13.3;10.4;83.5;2.9;;13.2;37.5
U;26.08.2006;2006;87;17.1;12.1;14.5;12.5;88;1.809;;22.7;59.7
U;27.08.2006;2006;88;17.1;13.1;14.8;11.7;81.9;10.328;;28;53.2
U;28.08.2006;2006;89;17.1;11.7;14;9.9;76.8;12.263;;27.7;43.2
U;29.08.2006;2006;90;17.1;12.7;14.4;10;75.8;0.587;;31.3;57.9
U;30.08.2006;2006;91;17;12.1;14.1;10.2;77.7;0.151;;25.7;59.2
U;31.08.2006;2006;92;21.2;13;17;14.5;85.8;6.448;;25.5;54.6
U;01.09.2006;2006;93;17.5;12.2;15.7;13.4;86.3;5.986;;28.7;61.7
U;02.09.2006;2006;94;15.1;11.8;13.4;11.3;87;5.023;;21.5;65.1
U;03.09.2006;2006;95;16.6;12.8;14.1;12;87.4;9.754;57.6;32.4;60.6
U;04.09.2006;2006;96;17.7;13.9;15.3;11.8;79.9;0.922;;30.2;45.1
U;05.09.2006;2006;97;21.1;12.9;15.9;14.4;91.1;6.973;;26;78.6
U;06.09.2006;2006;98;17.6;13;15.5;13;85.9;10.053;;26.8;62.2
U;07.09.2006;2006;99;16.8;8.9;13.5;9.1;75.3;0.064;;24.7;35.3
U;08.09.2006;2006;100;18;6;12.1;8.9;81.5;0.036;;19.7;30
U;09.09.2006;2006;101;19;8.6;13.7;9.3;76.4;0.031;;26.8;34.6
U;10.09.2006;2006;102;21.1;10.6;15.5;10.8;75.1;0.036;;16.7;31.4
U;11.09.2006;2006;103;20.6;13.8;17;13.4;80;0;;24.1;61.1
U;12.09.2006;2006;104;20.5;14.8;17.1;14.3;84;0.679;;28.3;60.5
U;13.09.2006;2006;105;20.9;15.2;18.1;13.2;73.9;0.324;74.2;32.9;52.9
U;14.09.2006;2006;106;16.8;13;15;13.3;89.6;9.58;;16.4;60
U;15.09.2006;2006;107;16.8;8.3;12.9;9.5;81.1;0.035;;11.3;35.5
U;16.09.2006;2006;108;19.9;6.5;13.1;10.5;85;0.181;;11.6;29.2
U;17.09.2006;2006;109;18.5;10.7;14.3;12.7;90.3;0.726;;16.7;55.9
U;18.09.2006;2006;110;17.5;9.4;13.1;11;87.4;6.356;55.4;31.2;51.2
U;19.09.2006;2006;111;15.8;12.2;13.9;10.4;79.7;5.406;53.8;35.5;61.8
U;20.09.2006;2006;112;17.7;14;16.6;14.4;87.1;11.142;87.1;51.9;86.4
U;21.09.2006;2006;113;23.5;17.3;19.7;15.3;77;4.274;66.6;40.1;63.5
U;22.09.2006;2006;114;21.6;12.6;16.5;11.3;71.8;0.127;94.7;54;36.9
U;23.09.2006;2006;115;19.8;13.7;16.2;12.4;78.8;0.077;;23;34.8
U;24.09.2006;2006;116;16.5;12.2;14.7;13.3;90.9;3.441;;23.3;42.7
U;25.09.2006;2006;117;17.8;12;14.2;13;92.4;6.382;;7.6;53
U;26.09.2006;2006;118;15.8;12.9;14.3;12.3;88.2;0.045;;18.7;55.1
U;27.09.2006;2006;119;16.9;13.3;15.5;13.5;88.5;3.566;70.6;37.1;76.8
U;28.09.2006;2006;120;16.3;13.3;14.7;11;78.8;2.221;48.2;30.7;59.7
U;29.09.2006;2006;121;15.7;10.8;13;11.4;90;12.226;;15.9;60.9
U;30.09.2006;2006;122;17.6;8.2;12.7;9.6;82.8;0;;21;38.1
U;01.06.2007;2007;1;18.1;6.8;13.1;9.6;80.8;0.065;;12.9;36.4
U;02.06.2007;2007;2;20.2;8.4;15;11.4;80;0;;17.1;67.5
U;03.06.2007;2007;3;17.7;13.2;15.5;12.9;84.7;0.125;;18.4;76.3
U;04.06.2007;2007;4;18.8;11.1;15.3;13.1;87.3;0.521;;14.5;63.7
U;05.06.2007;2007;5;20.5;11.9;16.3;10.7;70;0;;17.9;49.9
U;06.06.2007;2007;6;19.9;9.7;15.4;9.6;70.3;0;;16.1;42.3
U;07.06.2007;2007;7;17.6;7.5;13.4;10;80.8;0;;15.7;71.3
U;08.06.2007;2007;8;20;8.9;15;11.3;79.7;0;;13.7;53
U;09.06.2007;2007;9;22.7;9.1;16.5;12.6;79.3;0;;15.6;45.1
U;10.06.2007;2007;10;24;11.5;18.1;13.8;77.9;0;;11.2;44.8
U;11.06.2007;2007;11;22.2;15.6;18.1;15.4;85.1;1.828;;13.9;58.9
U;12.06.2007;2007;12;18.5;12.4;15.2;13.2;88.2;0.009;;14.4;82.8
U;13.06.2007;2007;13;18.2;12.2;15.5;13.2;86.5;2.619;;11.3;64.5
U;14.06.2007;2007;14;18.9;10.9;15;13.2;89;4.539;;21;45.5
U;15.06.2007;2007;15;18.4;12;14;12.1;88.4;38.732;;14.4;44.9
U;16.06.2007;2007;16;15.5;11.5;12.8;11;88.8;0.978;;15.4;59.1
U;17.06.2007;2007;17;17.2;10.8;14.2;11.2;82.5;0.012;;9.5;57.6
U;18.06.2007;2007;18;17.8;11.6;14.7;12.2;85.7;5.304;;19.5;48.9
U;19.06.2007;2007;19;20.4;10.5;16.2;12.7;80.7;0.668;;28.9;45.2
U;20.06.2007;2007;20;17.6;12.5;15;11.6;80.4;7.935;57.6;26.8;30.7
U;21.06.2007;2007;21;17.3;13.7;15.2;11.8;80.3;1.766;50;25.7;45.5
U;22.06.2007;2007;22;18.1;12.2;14.6;12.5;87.6;1;;19.1;59.8
U;23.06.2007;2007;23;16.7;13.1;14.2;11.4;83.6;0.009;;19.3;59.2
U;24.06.2007;2007;24;15.8;11.5;13.3;10.2;82.2;0.904;;12.5;45
U;25.06.2007;2007;25;13.7;10.9;12.4;10.2;86.7;17.554;94.7;33.4;58.4
U;26.06.2007;2007;26;13.8;10.5;11.9;7.6;75.5;3.936;70.6;26.7;51.4
U;27.06.2007;2007;27;14.2;8.8;12.2;9;81.1;1.948;;18.7;39.8
U;28.06.2007;2007;28;14.8;6.6;11.7;8.6;82.1;1.111;;24.2;41
U;29.06.2007;2007;29;15.9;12.1;14.3;11.4;83.9;19.561;50;18.9;59.3
U;30.06.2007;2007;30;17.4;13.2;15.4;13.9;90.9;11.799;;20.8;50.1
U;01.07.2007;2007;31;16.4;13.4;14.7;12.6;87.1;11.722;57.6;22.1;45.6
U;02.07.2007;2007;32;17.2;13.1;14.6;12.4;87.1;15.703;;24;63.6
U;03.07.2007;2007;33;16;12.4;13.7;11;84.3;2.148;57.6;24.7;49.3
U;04.07.2007;2007;34;14.8;12.5;13.5;11.6;88.3;8.176;57.6;30.6;72.1
U;05.07.2007;2007;35;15.8;13.4;14.2;11.9;86.7;7.501;66.6;29.6;55.9
U;06.07.2007;2007;36;16.5;12.9;14.1;10.7;80.2;0.93;70.6;29.4;56.9
U;07.07.2007;2007;37;16.4;10.7;14.1;10.4;78.9;0.292;;18.9;46.6
U;08.07.2007;2007;38;15.9;8.8;12.7;10.3;85.9;2.744;;16;41.6
U;09.07.2007;2007;39;16;9.5;12.6;10.4;87;2.815;57.6;20.4;57.6
U;10.07.2007;2007;40;15.4;11.5;13.7;11.2;85;8.517;;17.1;46.3
U;11.07.2007;2007;41;16.4;12.3;14.2;10.6;79;0;;17.5;52
U;12.07.2007;2007;42;18.9;14;15.9;14.5;91.5;1.487;;19.6;74.4
U;13.07.2007;2007;43;16.8;12.5;15.1;13.5;90.4;19.933;61.2;24.2;48.3
U;14.07.2007;2007;44;18;12.8;15.6;12.7;83.5;2.078;;22.6;44
U;15.07.2007;2007;45;17;9.9;14.1;12;87.3;0.071;;22.6;54
U;16.07.2007;2007;46;20.5;14.1;16.7;12.6;77.7;1.292;;20.8;42.2
U;17.07.2007;2007;47;17.2;12.2;14.8;12.5;86.2;7.309;;17.1;42.4
U;18.07.2007;2007;48;18.1;10.7;15.1;11.8;82;0.533;;18.8;40.3
U;19.07.2007;2007;49;19.2;7.7;13.8;10.6;82.4;1.083;;13.4;47.8
U;20.07.2007;2007;50;14.1;11.7;12.9;12.1;94.7;41.876;;16.4;45.8
U;21.07.2007;2007;51;14.3;11.1;12.3;10.8;91.1;11.106;;10.7;42.6
U;22.07.2007;2007;52;18;10;13.6;11.7;88.6;7.42;;11.8;47.1
U;23.07.2007;2007;53;17.6;11.2;14.3;12.1;87.2;3.637;;14.1;40.2
U;24.07.2007;2007;54;17.8;8.5;13.6;10.3;81.8;0.032;;17.6;31.6
U;25.07.2007;2007;55;18.4;11.7;15.8;12.7;82.4;4.495;;21.7;35.4
U;26.07.2007;2007;56;17.7;14.4;15.3;13;86.7;14.828;57.6;27.7;45.2
U;27.07.2007;2007;57;18.9;13.2;15.6;12.4;81.7;1.964;;25.1;38.6
U;28.07.2007;2007;58;18.2;11.9;14.8;12;83.9;0.619;;16.5;45.3
U;29.07.2007;2007;59;16.5;9.8;13;10.3;84.2;4.563;;19.9;37.1
U;30.07.2007;2007;60;16.4;7.5;12.4;9.8;85.1;0.013;;17.4;33.2
U;31.07.2007;2007;61;19.3;5.7;13.2;10.5;84.7;0.252;;12.7;42.1
U;01.08.2007;2007;62;18.3;7.5;13.5;11.4;88;0;;13.7;69.4
U;02.08.2007;2007;63;18.1;10.6;15.1;13.3;89.1;0.326;;17.9;43.9
U;03.08.2007;2007;64;18.8;9.6;15.7;14.3;91.6;0.071;;22.6;67.8
U;04.08.2007;2007;65;20.4;16.1;17.5;16.3;92.6;0.458;;22.4;76.5
U;05.08.2007;2007;66;23.1;12.5;18.1;16.1;88.4;0.707;;19.7;56.9
U;06.08.2007;2007;67;17.3;10.8;14.6;12.1;85.3;1.575;;17.2;42.8
U;07.08.2007;2007;68;16.7;8.5;13.2;9.8;81.4;2.298;;20.3;45.6
U;08.08.2007;2007;69;17.7;4.7;11.9;7.5;76.7;0.013;;16.8;25.3
U;09.08.2007;2007;70;19.8;6.3;13.1;8.2;76.1;0.252;;13.7;41
U;10.08.2007;2007;71;17.6;8;13.7;11.8;88.8;0.056;;12.8;56.7
U;11.08.2007;2007;72;20.4;12.6;16.2;11.4;76;0.282;;15.7;50.8
U;12.08.2007;2007;73;17.5;13.4;15;12;83;4.098;;18.8;54.9
U;13.08.2007;2007;74;17.7;12.6;14.9;11.6;81.1;0.053;;18;43.4
U;14.08.2007;2007;75;19.3;14.1;16.6;14.6;88;7.619;63;19.4;64.2
U;15.08.2007;2007;76;16.4;13.8;15.1;12.6;85.8;10.452;;25.9;63.5
U;16.08.2007;2007;77;16.1;11.2;13.5;9.3;76.1;2.654;;22.5;41.6
U;17.08.2007;2007;78;16.8;12;14.1;10.7;80.4;0.076;;17.7;38.1
U;18.08.2007;2007;79;17.1;13.4;15.2;13.6;90.5;9.564;51.8;21.8;57.7
U;19.08.2007;2007;80;14.8;12;13.1;11;87.2;15.281;74.2;25.6;69.9
U;20.08.2007;2007;81;17.1;6.5;11.4;8.3;83.3;4.93;;20.5;51.6
U;21.08.2007;2007;82;19.1;11.7;15;11.1;77.8;0;51.8;19.9;63
U;22.08.2007;2007;83;21.9;10.8;16.6;12.8;79.6;0.009;;21.6;35.6
U;23.08.2007;2007;84;19.3;8.2;13.9;11.2;84.4;0.019;;17.1;49.5
U;24.08.2007;2007;85;18.6;8.6;14.1;12.2;88.5;0.261;;14.4;63.4
U;25.08.2007;2007;86;21.8;10.2;15.2;13.7;91.3;0.03;;14.9;83.6
U;26.08.2007;2007;87;18.6;10.6;15.5;12.2;81.9;0.01;;17.5;50.5
U;27.08.2007;2007;88;16.1;6.2;11.9;8.8;82.8;0.252;;16.7;61.4
U;28.08.2007;2007;89;18.4;9.7;14;10.7;81.7;0;;14.5;38.8
U;29.08.2007;2007;90;16.1;9.6;13.1;9.3;78.8;0;;21.8;53.7
U;30.08.2007;2007;91;16.9;11.7;14.6;12.5;87.4;1.679;;21.7;66.9
U;31.08.2007;2007;92;16.6;14.2;15.5;13;85.3;0.252;;19;69.2
U;01.06.2010;2010;1;15.7;10.9;12.7;9.7;82.6;5.852;;17;63.3
U;02.06.2010;2010;2;18.9;10;14.1;9.2;73.8;0;;22.4;39.7
U;03.06.2010;2010;3;22.7;8.2;15.7;9;67.3;0;;11.9;45.3
U;04.06.2010;2010;4;21.6;13.6;17.2;9.5;62;0;;21.2;37.6
U;05.06.2010;2010;5;18.7;10.1;15;10.9;76.8;0;;15.2;30.7
U;06.06.2010;2010;6;18.6;12;15;11;77.5;0.032;;19.9;36
U;07.06.2010;2010;7;18.7;10.1;14.4;10;76.3;1.109;;14.6;44.9
U;08.06.2010;2010;8;14.8;12;13.3;11.4;88.7;6.653;;17.2;53.1
U;09.06.2010;2010;9;15.2;11.9;13.3;9.4;78.1;2.72;50;29.8;65.4
U;10.06.2010;2010;10;17.9;10.4;13.5;7.7;68.6;0.162;;18.5;44.8
U;11.06.2010;2010;11;15;8.5;11.9;8.8;81.8;0;;33.8;47.6
U;12.06.2010;2010;12;16;8;12.4;6.4;68.1;0;;29.3;35.2
U;13.06.2010;2010;13;16.7;10.1;13;9.6;81;2.293;;22.5;56
U;14.06.2010;2010;14;17.2;10.5;13.9;7.6;67.5;0.359;;15.9;62.4
U;15.06.2010;2010;15;17.9;7.2;13.4;8.2;72.1;0.032;;20.3;29.1
U;16.06.2010;2010;16;19.6;12.2;16;11.3;74;0;;16.2;40.3
U;17.06.2010;2010;17;19.4;11.1;15.6;11.4;76.9;0;;19.3;46.5
U;18.06.2010;2010;18;21.6;12.8;16.6;11.1;71.5;0;;21.5;36.4
U;19.06.2010;2010;19;17;5.3;12.7;4.8;60.7;0;;22.8;25.4
U;20.06.2010;2010;20;17.8;5.3;12.8;6.9;69.3;0;;23;25.8
U;21.06.2010;2010;21;18.7;11.8;15.3;10.8;75.2;0;;20;54
U;22.06.2010;2010;22;20;9.7;15.9;10.3;70.9;0;;25.2;45.5
U;23.06.2010;2010;23;21.1;12.9;16.1;12;77.5;0.032;40.7;22.4;58.4
U;24.06.2010;2010;24;17.1;12.3;14.8;11.9;83.5;1.702;;25.4;46.8
U;25.06.2010;2010;25;21.6;10.3;16.9;11;70.3;0;;14.5;52.3
U;26.06.2010;2010;26;21.7;11.4;17.3;11.5;69.4;0;50;18.2;48
U;27.06.2010;2010;27;21.8;13.9;17.2;11.8;71.7;0.245;;30.6;53.5
U;28.06.2010;2010;28;18.8;12.1;15.4;12;81;5.554;;22.5;49.9
U;29.06.2010;2010;29;18.8;12.8;15.9;12.3;80.1;2.502;;20.3;47.1
U;30.06.2010;2010;30;21.8;11.2;16.8;10.6;68.8;0;;23;41.2
U;01.07.2010;2010;31;19.8;15.2;17.5;13.7;78.4;2.735;70.6;40.7;67.8
U;02.07.2010;2010;32;22;14.8;17.8;11.5;67.8;0;57.6;38.8;47.1
U;03.07.2010;2010;33;19.3;12;15.8;9.9;69.2;0.232;;30.2;41.5
U;04.07.2010;2010;34;19.9;13;15.1;12;82.4;12.148;70.2;45.4;67
U;05.07.2010;2010;35;16.8;11.9;14;10.2;78.2;1.165;44.3;30.9;49
U;06.07.2010;2010;36;16.9;12;13.9;10.2;78.8;0.957;57.6;37.2;51.5
U;07.07.2010;2010;37;18.9;13.1;16.2;10.7;71.5;1.192;50;32.9;57.3
U;08.07.2010;2010;38;18.5;12.1;15.6;9.9;69.2;0.455;;30.9;39.3
U;09.07.2010;2010;39;17.9;12.9;14.8;11.9;82.6;3.812;;28.8;61.5
U;10.07.2010;2010;40;17.7;11.1;14.2;12.9;91.7;10.595;;21;67.7
U;11.07.2010;2010;41;17.1;12.7;15.1;11.5;79.8;3.894;70.6;39.6;64.5
U;12.07.2010;2010;42;19;11.2;15.2;10.4;74.2;0.769;;16.7;45.3
U;13.07.2010;2010;43;19.6;12.1;15.8;9.8;69.4;0.162;44.6;19.9;42.6
U;14.07.2010;2010;44;16.7;11.1;14.1;12.1;87.9;4.349;57.6;27.5;69
U;15.07.2010;2010;45;18.4;13.9;15.7;13.6;87.9;27.805;;24.7;62.4
U;16.07.2010;2010;46;15.8;12.1;13.9;10.6;81.5;10.746;57.6;34.7;64.4
U;17.07.2010;2010;47;16.4;11.8;13.6;10.2;80.8;3.07;;29;66.9
U;18.07.2010;2010;48;20.2;13.8;16.4;13.7;84.5;0.519;;23.7;61.7
U;19.07.2010;2010;49;17.9;15.9;16.6;14.9;89.8;9.425;;28.7;60.3
U;20.07.2010;2010;50;17.8;12.9;15.7;13.8;88.5;3.048;;16.5;56.6
U;21.07.2010;2010;51;16.7;13.8;15;13.6;91.4;4.117;;18;67.3
U;22.07.2010;2010;52;17.6;11.4;14.3;10.1;76.7;2.397;;14.3;55.7
U;23.07.2010;2010;53;16.9;10;13.8;8.8;72.6;0;;21.6;47.8
U;24.07.2010;2010;54;18.9;11.1;15.4;12.2;81.7;0.101;;20.5;55.3
U;25.07.2010;2010;55;16.8;13.9;15.1;12.9;86.8;0.06;;21.5;76.1
U;26.07.2010;2010;56;17.7;14;15.7;14.6;92.9;4.064;;23.3;82.9
U;27.07.2010;2010;57;18.4;14.1;15.5;12.4;81.9;0.989;;24.5;62
U;28.07.2010;2010;58;16.7;13.1;14.8;12;83.5;0.907;;24.3;67.8
U;29.07.2010;2010;59;16.9;12.9;15;11.1;78;0.028;;26.3;59
U;30.07.2010;2010;60;16.9;12;14.4;12.5;88.3;2.022;35.3;22.6;80.1
U;31.07.2010;2010;61;16.9;13;14.6;12.4;86.2;0.781;;26.4;64.2
U;01.08.2010;2010;62;17.9;13.8;15.3;11.9;80.8;0.43;;22.3;58.4
U;02.08.2010;2010;63;17.7;12.9;14.7;10.9;78.8;0.46;;17.5;57.1
U;03.08.2010;2010;64;17.5;13.1;14.7;11.4;80.9;0.028;;28.4;67.5
U;04.08.2010;2010;65;16.2;12.8;14.4;10.8;79.4;0.308;;28.6;48.2
U;05.08.2010;2010;66;17.4;12.1;14.5;10.3;76.3;0.198;;20.9;45.6
U;06.08.2010;2010;67;17.1;12.8;15.1;12.6;85.3;2.712;;20.3;70.5
U;07.08.2010;2010;68;19.7;13.9;16.2;13.5;84.5;1.923;;29.3;48.6
U;08.08.2010;2010;69;17.5;9.2;14.3;10.5;78.9;0.032;;20;38.2
U;09.08.2010;2010;70;16.9;12.2;14.3;11.9;85.9;2.065;;23.6;60.9
U;10.08.2010;2010;71;16.9;11.2;13.9;10.6;80.9;10.686;;25.5;54.9
U;11.08.2010;2010;72;15.7;12.9;14.3;11.8;85;0.45;44.6;36;64.4
U;12.08.2010;2010;73;18;12.9;15;11.7;81.5;0.909;;33.2;47.6
U;13.08.2010;2010;74;19.7;10.2;14.9;11;78.5;0.028;;23;35.6
U;14.08.2010;2010;75;19.9;8.3;14.4;10.6;78.8;0;;14.1;55
U;15.08.2010;2010;76;20.6;8.1;14.8;10.7;77.7;0;;15.9;24.2
U;16.08.2010;2010;77;18.5;8.7;13.6;11;85.2;0.218;;14.4;45.7
U;17.08.2010;2010;78;16.9;12.9;15;12.2;83.9;11.75;;30.3;57.9
U;18.08.2010;2010;79;17;10.3;13.6;10.5;82;3.582;;23.5;31.1
U;19.08.2010;2010;80;18.1;11.1;14.4;10.8;79.8;4.306;;21.6;38.5
U;20.08.2010;2010;81;21.5;13.9;17.6;14;80;1.459;;35.7;63
U;21.08.2010;2010;82;19.4;13.1;15.9;11.6;76;0.261;53.6;36.7;45.3
U;22.08.2010;2010;83;18.4;12.6;15.1;11;77.1;0.933;;25.4;46
U;23.08.2010;2010;84;14.8;12.8;13.5;11.8;89.3;17.028;57.6;30.3;74.6
U;24.08.2010;2010;85;16.1;12;13.2;9.5;78.5;2.095;57.6;34.1;57.9
U;25.08.2010;2010;86;17.5;8.9;13.9;9.4;75.2;0.324;;23.1;39
U;26.08.2010;2010;87;18.7;5.9;12.5;8.8;79.5;0;;14.1;41.6
U;27.08.2010;2010;88;17;6.3;12.3;8.4;78.2;0.045;;27;37.5
U;28.08.2010;2010;89;15.9;12;13.8;10.5;81;1.105;53.6;30.8;54
U;29.08.2010;2010;90;15.1;8.7;13;7.5;69.9;1.867;57.6;31;48.7
U;30.08.2010;2010;91;15.9;2.4;10.1;4.9;71.9;0.162;;16.1;26.2
U;31.08.2010;2010;92;16.8;5.6;11.4;7.5;78.2;0.017;;16.1;33.7
U;01.09.2010;2010;93;18.7;7.2;12.5;8.7;78.9;0.032;;12.7;33.5
U;02.09.2010;2010;94;21.7;10.7;15.7;11.1;75.5;0.162;;13.2;26.1
U;03.09.2010;2010;95;20.8;10.1;15.3;11.3;78.1;0;;13;33.6
U;04.09.2010;2010;96;20.7;12.1;15.9;11.2;74.6;0.144;;25.7;37.5
U;05.09.2010;2010;97;19.6;14.1;16.6;11.7;74.2;0.513;59.4;31.7;43
U;06.09.2010;2010;98;18;14.2;16;9.6;65.9;0.226;66.6;39;52.3
U;07.09.2010;2010;99;18.8;12.8;14.7;11.4;80.7;7.44;57.6;32.7;47.8
U;08.09.2010;2010;100;19.7;10.3;14.9;10.7;77.1;0.217;;21.5;30.2
U;09.09.2010;2010;101;17.8;12.9;15.1;12;82.1;0.687;;22.3;44.4
U;10.09.2010;2010;102;17.8;12.9;15.5;13.1;85.4;9.469;;25.1;62
U;11.09.2010;2010;103;16.9;12.1;14.8;12.4;85.6;4.258;;30.2;49.3
U;12.09.2010;2010;104;16.8;12.9;14.3;10.5;78.1;0.383;;22.5;53.8
U;13.09.2010;2010;105;17.9;13.1;15.3;13.9;91.4;13.248;70.6;40.7;77.3
U;14.09.2010;2010;106;14.9;9.8;13.3;9.8;80;3.422;70.6;41.6;52.5
U;15.09.2010;2010;107;15;11.1;13;8.8;76;5.513;88.9;46.4;59.5
U;16.09.2010;2010;108;13.9;9.9;12.1;7.5;73.2;0.19;57.6;33.1;33
U;17.09.2010;2010;109;14;8.1;10.9;5.3;68.4;0.047;59.4;32.5;30.1
U;18.09.2010;2010;110;13.9;10;11.8;8.8;81.6;0.732;;23.1;58.6
U;19.09.2010;2010;111;16.6;11.8;14;12.3;89.4;5.958;;19.9;70
U;20.09.2010;2010;112;16;12.1;14.1;12.2;88.3;7.857;;24.4;58.5
U;21.09.2010;2010;113;18.7;11.9;15.1;12.2;83;0.162;;28.2;45.6
U;22.09.2010;2010;114;18.1;13.9;15.2;13.3;88;14.445;42.5;26.2;59.8
U;23.09.2010;2010;115;15.8;11;13.9;11.2;84.1;4.243;;19;60.7
U;24.09.2010;2010;116;12.9;4.9;9.7;3.5;65.9;0;;22.9;35.3
U;25.09.2010;2010;117;12.1;0.4;6.1;2;76.5;0.019;;15.3;26.4
U;26.09.2010;2010;118;13.6;1;7.3;2.9;75;0;;10.5;25.2
U;27.09.2010;2010;119;14.8;4.2;10.2;7.8;85;0.036;;14.9;59.5
U;28.09.2010;2010;120;15.7;12.1;13.5;11.3;86.2;0.463;;22.2;72.1
U;29.09.2010;2010;121;14.1;8.2;12.4;11;91.1;27.021;;20.2;57.6
U;30.09.2010;2010;122;15.8;7.1;11.4;8.6;83.9;0;;19.5;40.2
U;01.06.2013;2013;1;13.9;5.3;10.2;6.3;78.1;0.024;37.1;27.2;40.1
U;02.06.2013;2013;2;13.9;6.1;11;6.3;73.8;0;;20;39.3
U;03.06.2013;2013;3;17.9;10.3;13.8;11.2;84.7;0.499;;13.5;68.4
U;04.06.2013;2013;4;21.6;10.9;15.8;10.8;74.4;0;;19.3;49
U;05.06.2013;2013;5;18.7;10;14.5;10;75.7;0.244;;16.3;50.9
U;06.06.2013;2013;6;19.5;7.8;14.5;10.8;79.7;0.014;;14.7;34.6
U;07.06.2013;2013;7;20.7;7.7;15.2;9.7;71.9;0;;15;18
U;08.06.2013;2013;8;19.9;7.7;14.3;9.9;75.8;0;;20.9;43.4
U;09.06.2013;2013;9;20.7;8;14.9;9.8;73.7;0;;13.1;37.6
U;10.06.2013;2013;10;16;10.6;13.9;10.2;78.7;0;53.6;19.1;54.6
U;11.06.2013;2013;11;14.9;9.3;12.5;10.6;88.4;4.26;48.2;22.9;65.3
U;12.06.2013;2013;12;14.9;11.7;13;10.8;87;7.56;48.2;23.6;74.1
U;13.06.2013;2013;13;14.8;9;12.3;8.3;77.4;0.218;40.7;26.6;56
U;14.06.2013;2013;14;17.8;7.9;13;8.5;74.7;0.169;59.2;37.6;51.7
U;15.06.2013;2013;15;11.4;8.2;10.3;8.5;89;13.468;64.7;35.6;74.6
U;16.06.2013;2013;16;15.9;10.1;12.8;10;83.7;0.567;;19.9;53.2
U;17.06.2013;2013;17;19.1;9.8;14.2;9.7;75.5;0.022;;14.3;57.6
U;18.06.2013;2013;18;17.8;13.7;15.4;11.1;76.3;0;;17.4;50.5
U;19.06.2013;2013;19;17.4;10.9;14.1;9.3;74;0.011;;22.3;46.4
U;20.06.2013;2013;20;19.9;9.3;14.7;9.8;73.6;0;;16.4;47.8
U;21.06.2013;2013;21;17.6;13;14.8;10.9;78.5;0.646;;22.5;66.6
U;22.06.2013;2013;22;16.4;11.1;12.9;10.6;86.6;3.761;55.4;29.2;61.4
U;23.06.2013;2013;23;13.9;10.9;12.6;9.9;84.1;1.532;57.9;39.6;74.8
U;24.06.2013;2013;24;14.9;9.9;12.2;7.1;71.4;0;51.8;30.1;45
U;25.06.2013;2013;25;16.5;6.9;12.5;8.9;79.1;0;;19.3;62.2
U;26.06.2013;2013;26;16.6;9.9;13.3;8.4;73.5;0;;25.9;42.6
U;27.06.2013;2013;27;14.2;10.8;12.2;10.4;88.4;5.341;;20.7;73.6
U;28.06.2013;2013;28;14;11.8;13.1;11.5;90.2;6.801;51.8;26.8;84.1
U;29.06.2013;2013;29;14.8;10.8;12.8;9.8;82.5;0.213;;25.4;76.7
U;30.06.2013;2013;30;16.7;11.9;14.2;11.2;82.2;1.882;53.6;32.4;85.3
U;01.07.2013;2013;31;14.8;9.9;12.1;8.4;78.7;0.893;48.2;28.3;65.4
U;02.07.2013;2013;32;13.9;10.1;12.5;10.2;85.9;4.921;56.6;35.6;82.2
U;03.07.2013;2013;33;16;12;14.1;11.6;85.2;3.592;;22;77.2
U;04.07.2013;2013;34;16.7;13;15;11.8;81.9;7.782;64.8;33.9;69.5
U;05.07.2013;2013;35;17.4;12.9;14.9;10.7;76.2;0.173;46.4;25.9;61.1
U;06.07.2013;2013;36;19.3;10.1;15.4;11.3;77.3;0;38.9;25.9;51.7
U;07.07.2013;2013;37;18.8;14;16.4;13.4;82.8;0.898;;14.2;73.5
U;08.07.2013;2013;38;23.6;10.9;17.9;12.7;73.6;0;;11.7;45.1
U;09.07.2013;2013;39;23.4;12.8;18.5;14.5;78.7;0;;21;26.7
U;10.07.2013;2013;40;23.8;14;18.7;14.8;78.8;0;;12.3;50.7
U;11.07.2013;2013;41;21.7;13.8;18.1;15;82.6;0;;12.7;58.1
U;12.07.2013;2013;42;23.6;13.8;18.9;14.6;77.3;0;;16.3;28.6
U;13.07.2013;2013;43;18.9;12.9;16.4;12.6;78.6;0;;22.4;55
U;14.07.2013;2013;44;17.7;9.8;14.2;10.2;77;0;;14.9;46.8
U;15.07.2013;2013;45;19;10.8;15.4;12;81;0.013;;21.9;61
U;16.07.2013;2013;46;20.7;16.7;18.3;14.6;79.2;0;;17.9;70.9
U;17.07.2013;2013;47;22.8;14.9;18.8;13.2;71.2;0;31.7;18.7;45.6
U;18.07.2013;2013;48;22.7;13;18.5;14.8;79.5;0;;16;43.3
U;19.07.2013;2013;49;28.8;11.1;20.7;13.4;68;0.013;;14.9;17.4
U;20.07.2013;2013;50;26.6;12.9;19.6;14;71.8;0;;14.8;28.5
U;21.07.2013;2013;51;24.4;13.8;17.9;13.3;76.4;0;35.3;21.1;35.9
U;22.07.2013;2013;52;26.4;14.2;19.7;14.2;71.8;0;25.9;18;54
U;23.07.2013;2013;53;20.8;15.9;18;16;88.4;16.917;;21.3;54.7
U;24.07.2013;2013;54;22.8;15.2;19;14.6;76.2;0.36;50;21.9;44.9
U;25.07.2013;2013;55;21.4;15.8;18.1;15.2;83.6;12.831;;14.8;59.4
U;26.07.2013;2013;56;20.6;14.7;18;14.7;81.8;0.653;;19.5;54.7
U;27.07.2013;2013;57;21.6;12.2;17.3;13.5;78.9;0;;12.8;40.3
U;28.07.2013;2013;58;20.6;14.8;16.9;14.4;85.3;4.416;;21.4;58.6
U;29.07.2013;2013;59;19.8;12.9;16.7;13.8;83.6;0.75;53.6;22;57.4
U;30.07.2013;2013;60;19.6;12.7;15.6;12.3;81.7;3.101;;29.2;51.8
U;31.07.2013;2013;61;17.9;13.3;15.6;12.1;80.5;2.15;27.7;15.3;50.8
U;01.08.2013;2013;62;19.8;14.7;17.8;16;89.5;19.85;55.4;31.2;75.3
U;02.08.2013;2013;63;21.8;15.8;18.9;13.9;73.4;0.091;61.2;36.6;53.7
U;03.08.2013;2013;64;18.9;14;15.8;11.1;74.4;0.401;59.9;36.7;54.2
U;04.08.2013;2013;65;19.7;12.1;15.7;11.8;78.6;1.321;40.7;24.9;40.3
U;05.08.2013;2013;66;19.7;11.8;15;11.2;79;0;37.1;29.1;36.1
U;06.08.2013;2013;67;18.3;12.9;15.3;9.8;70.1;0;;20.2;65.8
U;07.08.2013;2013;68;19.2;12.1;15.8;11.7;77.3;0.171;;17.2;52.8
U;08.08.2013;2013;69;20.6;9.1;15.3;10.9;76.5;0.014;46.4;23.3;39
U;09.08.2013;2013;70;16.7;13.8;15.2;11.8;80.4;1.807;51.8;27.7;72.7
U;10.08.2013;2013;71;16.9;11.9;14.6;10.5;76.9;0.13;38.9;20.8;77.5
U;11.08.2013;2013;72;16.6;12.7;14;10.7;80.5;2.115;51.8;31.2;62.7
U;12.08.2013;2013;73;16.9;12.8;14.3;10.3;77.2;0.549;51.8;31.8;54.1
U;13.08.2013;2013;74;16.9;8.9;13.7;9.9;78.3;0.338;;23.5;51.5
U;14.08.2013;2013;75;18.9;12.8;16.1;12.9;81.7;0.38;48.2;19.2;75
U;15.08.2013;2013;76;19.8;15.9;17.3;15.7;90.4;4.524;40.4;25.1;75.5
U;16.08.2013;2013;77;17.1;11.4;15;12.7;86.1;10.281;;26.1;64.2
U;17.08.2013;2013;78;19.8;12.5;15.7;13.1;84.8;6.663;54.4;28.3;70
U;18.08.2013;2013;79;16.6;12.8;14;10.2;78.5;1.174;52.3;30.9;61
U;19.08.2013;2013;80;17.7;13;14.7;10.9;78;0.139;46.6;27.8;63.5
U;20.08.2013;2013;81;17.8;13;15.3;12.3;82.7;0.393;;20.5;63.3
U;21.08.2013;2013;82;19.7;14.8;16.7;14.5;87.2;2.346;46.4;19.5;72.1
U;22.08.2013;2013;83;21.5;13.7;17;14.2;84.1;0.14;;11;63.2
U;23.08.2013;2013;84;20;12.4;15.9;13.5;86;0.357;;20.6;53
U;24.08.2013;2013;85;17.6;9.7;14.7;11;79.3;0.509;;17.7;56.1
U;25.08.2013;2013;86;19.1;6;13.4;9.7;79.8;0.025;;13.7;22.7
U;26.08.2013;2013;87;16.9;10.8;14.4;12.1;86.4;0.011;;19.1;65.9
U;27.08.2013;2013;88;17.7;10.3;13.9;11.9;87.6;0.226;;25.4;63.2
U;28.08.2013;2013;89;15.8;7;11.8;8.2;79.5;0;42.5;24.5;68
U;29.08.2013;2013;90;17.5;12;15.1;12.8;86.5;0.065;33.5;23.7;86.6
U;30.08.2013;2013;91;18.6;12.8;15.2;12.4;83.6;0.598;57.9;35.3;79.3
U;31.08.2013;2013;92;15.9;11;13.7;7.6;67.3;0.253;61.2;33;57.1
U;01.09.2013;2013;93;15;12.9;14;10.9;81.6;0.214;60.4;35.7;71.2
U;02.09.2013;2013;94;18.5;15;16.1;14.4;89.4;0.377;61.2;27.1;81.7
U;03.09.2013;2013;95;19.6;14;16.9;13.9;82.8;0;40.7;26;68.2
U;04.09.2013;2013;96;19.9;12.6;15.7;11.2;75.8;0;51.8;30.8;37.6
U;05.09.2013;2013;97;16.6;7.6;13.3;8.7;74.2;0.038;;16.5;54
U;06.09.2013;2013;98;14.8;3.9;9.2;6.1;82.1;0.07;;20.2;56.7
U;07.09.2013;2013;99;12.9;7.8;10.3;8.3;87.6;19.314;53.6;25.8;73.5
U;08.09.2013;2013;100;14.9;9;11.6;8.8;83.1;1.625;50;22.5;52.8
U;09.09.2013;2013;101;16.1;8.1;11.6;9.4;86.8;1.827;51.8;23.3;53.8
U;10.09.2013;2013;102;16;8.2;12.6;9.4;81.6;0.023;57.6;36.5;33.8
U;11.09.2013;2013;103;15.6;12;13.5;12.1;91.5;3.887;;17.4;74.8
U;12.09.2013;2013;104;17.6;12.9;14.7;13.3;91.7;3.595;53.6;27.2;81.1
U;13.09.2013;2013;105;13;8.7;11;8;82.3;0.381;50;19.3;56.8
U;14.09.2013;2013;106;15;4;10;6.9;82.6;0.04;;18.3;37.2
U;15.09.2013;2013;107;14.7;8.1;11.4;8.5;82.6;9.627;80.3;48.9;65.5
U;16.09.2013;2013;108;11;7.6;9.5;6.1;79.7;8.681;70;40.5;70.4
U;17.09.2013;2013;109;11.9;9.1;10.8;6.7;75.8;0.47;61.2;39.1;65.5
U;18.09.2013;2013;110;12;8.7;10.5;7.4;81;1.219;65.9;35.7;55.3
U;19.09.2013;2013;111;13.8;8.1;11.2;9.5;89.4;7.391;63;28.7;77.1
U;20.09.2013;2013;112;15.9;9.9;12.8;9;78.4;0.049;51.1;27.8;66
U;21.09.2013;2013;113;17.7;11;14.6;12.1;85.1;0.011;;26.4;71.7
U;22.09.2013;2013;114;19.6;14.6;16.9;13.5;80.5;0;46.6;25.2;79.1
U;23.09.2013;2013;115;17;11.6;15;13.4;89.8;0.022;;12.8;87.9
U;24.09.2013;2013;116;16.7;12.9;14.5;13.3;92.6;1.187;;9.6;86.6
U;25.09.2013;2013;117;15.7;11;13.7;11.5;86.5;0.54;50;23;81
U;26.09.2013;2013;118;14.7;9.5;11.9;8;77.5;0.061;48.2;15.8;70.2
U;27.09.2013;2013;119;16.7;12;13.6;11.5;87.1;1.204;;10.3;78.6
U;28.09.2013;2013;120;20.8;10.4;15;9.9;73.6;0;;12.3;55.2
U;29.09.2013;2013;121;18.6;9.3;13.1;7.8;71.5;0;51.8;22.7;39.8
U;30.09.2013;2013;122;17;8.1;12.6;8.3;75.6;0;57.6;25.3;60.6
G;01.06.2009;2009;1;19.8;8.3;14.1;7.7;67.6;0;;15.8;52.1
G;02.06.2009;2009;2;19.8;8.6;15;8.9;68.9;1.3;;22.4;46.5
G;03.06.2009;2009;3;18.5;11.9;15.3;6;56.3;1;;27.2;63.7
G;04.06.2009;2009;4;16.1;8.5;12.2;4.1;57.9;0;;22.6;63.8
G;05.06.2009;2009;5;19;7.1;12.9;5.1;60.8;0;;14.2;81.2
G;06.06.2009;2009;6;16;10.3;12.8;9.8;82;24.9;;20.7;80.6
G;07.06.2009;2009;7;21.6;11.1;15.5;9;68.2;11.2;;24;70.7
G;08.06.2009;2009;8;19.8;11.5;15.5;10.4;74;1;;17;86.7
G;09.06.2009;2009;9;17.7;12.8;15.2;10.7;75.3;0;;24.8;86.3
G;10.06.2009;2009;10;21.1;12.8;16.5;9.7;65.6;4.9;;14.4;82.7
G;11.06.2009;2009;11;19.8;13;16.1;9;64.9;2;;40.2;61.9
G;12.06.2009;2009;12;19.6;10.8;15;5.5;54.8;0.5;;27.2;62.3
G;13.06.2009;2009;13;22.1;8.9;16.2;7.2;57.2;2;;18.4;62.9
G;14.06.2009;2009;14;28.1;9.7;19.5;10.5;60.1;0;;20.2;59
G;15.06.2009;2009;15;21.3;16.8;19.2;15.9;81.4;0;;16.3;89.7
G;16.06.2009;2009;16;19.8;14.4;17;12.1;75;17.5;;28;75.9
G;17.06.2009;2009;17;22.1;8.3;16.4;9;64.4;0.8;;12.4;46.5
G;18.06.2009;2009;18;27.3;10.8;20.2;13;65.4;0;;20.7;62.1
G;19.06.2009;2009;19;19.3;12.8;16.3;14.3;88.1;35.8;;17.2;84.8
G;20.06.2009;2009;20;16.6;11.3;13.3;9.7;79.4;12.2;;18.5;80.1
G;21.06.2009;2009;21;16.6;8.5;12.9;7.3;69.8;1;;19.8;72.2
G;22.06.2009;2009;22;13.1;8.5;10.7;8.7;87.4;15.9;;15.7;91.3
G;23.06.2009;2009;23;11.8;10.3;11;10.3;95.3;73.1;;18.6;96.4
G;24.06.2009;2009;24;13.8;10.8;12.4;11.8;95.8;26.5;;13.6;94.8
G;25.06.2009;2009;25;18.9;13.8;15.9;14.6;92.5;0.3;;15.8;90
G;26.06.2009;2009;26;20.8;12.3;17;14.4;85.3;3;;12.2;82.6
G;27.06.2009;2009;27;21.4;15.8;17.9;15;84.2;21.1;;14.5;84.8
G;28.06.2009;2009;28;22.1;16.6;18.8;16.3;85.8;0;;13.1;82.7
G;29.06.2009;2009;29;24.1;15.5;19.5;15.5;79.5;6.2;;14.2;61.3
G;30.06.2009;2009;30;25.1;15.4;19.9;15.9;79;17.8;;14.4;49.1
G;01.07.2009;2009;31;26.4;14.6;20.5;15.7;76.7;0;;14.2;49.6
G;02.07.2009;2009;32;25.9;14.6;20.7;15.8;75.5;0;;14.3;40.3
G;03.07.2009;2009;33;23.5;15.8;19.1;16.1;83.5;16;;18.9;62.5
G;04.07.2009;2009;34;23.5;16.8;19.9;16.2;80;1.5;;12.7;62.2
G;05.07.2009;2009;35;23.5;15.6;19.6;16.2;81.9;2;;20.1;50.3
G;06.07.2009;2009;36;21.9;15.8;18.3;15.3;83;17.1;;16.4;76
G;07.07.2009;2009;37;18.5;13.1;15.3;13.3;87.9;17;;15.8;77.4
G;08.07.2009;2009;38;19;11.7;14.8;10;74;0.3;;37.5;72
G;09.07.2009;2009;39;19.1;12.1;14.6;10.1;75.7;0;;24.9;77.6
G;10.07.2009;2009;40;18.2;12.1;14.3;9.1;72.7;0.8;;26.7;76.8
G;11.07.2009;2009;41;19.8;10.5;15.1;7.8;64.3;3;;21.9;69
G;12.07.2009;2009;42;21.1;8.2;15.8;10.4;71.9;0;;19.1;68.6
G;13.07.2009;2009;43;25.9;15.9;20.8;15.8;74.6;1.1;;15.4;74.5
G;14.07.2009;2009;44;26.6;16.1;21.5;15.7;71.7;0;;21.8;67.9
G;15.07.2009;2009;45;23.7;16.4;20.2;16.5;79.4;0.3;;27.7;76.1
G;16.07.2009;2009;46;27.5;15.8;21.8;16.9;76.1;1;;11;44.2
G;17.07.2009;2009;47;24.1;13.8;20.1;15.4;76;7.1;;39.3;71.4
G;18.07.2009;2009;48;13.8;9.8;12.2;10.9;91.4;59;;26.7;90.9
G;19.07.2009;2009;49;20.6;11.1;15.5;9.7;69.5;0;;29.1;65
G;20.07.2009;2009;50;21.5;11.1;16.7;10.8;70;0;;21.8;60.5
G;21.07.2009;2009;51;29.4;11.3;20.6;13;66;0;;13.6;44.9
G;22.07.2009;2009;52;26.6;15.1;22.1;13.9;62.4;0;;25.1;64.2
G;23.07.2009;2009;53;33.1;16.8;22.5;15.5;68.3;22.1;;29.2;63.6
G;24.07.2009;2009;54;24.4;15.8;19.3;14;73.7;15.8;;17.4;56
G;25.07.2009;2009;55;19.8;13.8;16.5;10.9;71;5.6;;28.9;60.4
G;26.07.2009;2009;56;22.8;10.8;16.8;9.6;66;0;;10.4;44.9
G;27.07.2009;2009;57;28.8;9.8;19.8;11.5;64.2;0.3;;11.2;31.8
G;28.07.2009;2009;58;22.1;15;18.1;13;74.3;10.6;;31.3;62.6
G;29.07.2009;2009;59;26.7;10.1;18.8;11.9;68.6;0;;16.4;34.9
G;30.07.2009;2009;60;22.4;13.9;18.9;13;69.9;0;;25;63.8
G;31.07.2009;2009;61;21.4;14.4;17.9;11.6;67.5;0;;18.4;84.8
G;01.08.2009;2009;62;28;12.6;20.3;13.4;68.1;0;;8.5;39.5
G;02.08.2009;2009;63;26.4;14.8;19.2;14.3;76.5;4;;32.3;66
G;03.08.2009;2009;64;18;13.3;15.9;14;88.7;9.1;;14.9;85.8
G;04.08.2009;2009;65;19.3;13.7;16.4;13.2;82.1;40.9;;12.7;88.3
G;05.08.2009;2009;66;23.4;10.6;17.9;12.4;72.9;0;;18.7;38.5
G;06.08.2009;2009;67;25.4;12.2;19;13.1;71.9;0;;19.9;34.4
G;07.08.2009;2009;68;26.1;12.5;19.9;13.8;70.1;0;;18;63.7
G;08.08.2009;2009;69;25.8;12.1;19.7;12.9;68.9;0;;17.6;75
G;09.08.2009;2009;70;25.1;16.3;20;15.1;74.9;0.8;;13.8;87.5
G;10.08.2009;2009;71;21.2;13.5;17.8;15.9;88.8;13.3;;14.2;80.7
G;11.08.2009;2009;72;23.5;15.5;18.8;15;79.7;0.6;;25.1;64.9
G;12.08.2009;2009;73;24.5;15.8;19.7;13.3;69.2;0.5;;19.9;76.5
G;13.08.2009;2009;74;22.8;15.7;18.4;14.6;78.6;0;;20.9;80.4
G;14.08.2009;2009;75;22.4;14.4;17.8;14.1;80.8;9.4;;11.4;72.3
G;15.08.2009;2009;76;27.3;11.8;20.1;14.4;73.4;0;;9;30.7
G;16.08.2009;2009;77;29.8;16.1;22.3;14.4;65;0;;15.4;60.5
G;17.08.2009;2009;78;29.4;15.5;22.6;13.8;61.4;3;;16.9;74
G;18.08.2009;2009;79;25.6;17.4;20.8;15.5;72.6;3.8;;13.3;58.2
G;19.08.2009;2009;80;29.7;13.6;21.7;15.5;71.5;0;;11.7;61.2
G;20.08.2009;2009;81;30.7;15.5;23.1;15.9;67.4;0;;15;29.2
G;21.08.2009;2009;82;24.7;16.1;20.7;15.5;73.7;2.5;;21.9;63.5
G;22.08.2009;2009;83;17.8;12;15.3;13.7;90.2;3.3;;18.4;75.6
G;23.08.2009;2009;84;20.8;7.6;14.9;11;79.9;0;;28.7;57.6
G;24.08.2009;2009;85;27.4;10.8;18.8;13.2;72.1;0;;12.2;35.5
G;25.08.2009;2009;86;27.8;13.7;20.8;15.2;72.8;23.9;;30.6;75
G;26.08.2009;2009;87;23.1;15.8;19.5;16.6;84;6.1;;11.2;81
G;27.08.2009;2009;88;27.4;16.1;21.6;16.2;74.7;0;;12.8;29.1
G;28.08.2009;2009;89;26.8;15.9;21.3;15.6;72.4;0.5;;20.9;52.5
G;29.08.2009;2009;90;19.6;11.6;16.5;7.8;58.8;35;;24.8;64.9
G;30.08.2009;2009;91;20.8;6.1;14.1;6.8;66.3;0;;8.4;38.8
G;31.08.2009;2009;92;23.5;6.8;15.2;8.5;69.1;0;;20.2;60.3
G;01.09.2009;2009;93;29.7;10.3;20.1;12.6;66.4;0;;13.8;30
G;02.09.2009;2009;94;24.1;15.9;19.7;15.7;79.2;21;;24.8;76.7
G;03.09.2009;2009;95;22.3;15.4;18.2;14.4;79.8;14.9;;31.9;86.9
G;04.09.2009;2009;96;16.8;13.4;14.9;11.8;82.2;21.2;;36.8;76.2
G;05.09.2009;2009;97;16.6;10.6;13.3;6;62.4;5.8;;33.4;70.8
G;06.09.2009;2009;98;17.9;8.5;13;7.1;69.6;0;;14;59.1
G;07.09.2009;2009;99;21.1;5.7;13.3;8;74.1;0;;7.2;62.6
G;08.09.2009;2009;100;22.1;6.1;14;8.5;73.5;0;;16.2;25.9
G;09.09.2009;2009;101;20.8;5.9;13.9;8.4;72.5;0;;16.2;50.6
G;10.09.2009;2009;102;21.8;8.5;15.7;10.3;72.9;0;;11.7;39.7
G;01.06.2010;2010;1;12.2;8.8;10.4;8.7;89.3;11.6;;23.1;92.7
G;02.06.2010;2010;2;11.9;9.4;10.6;9.7;94.4;34.6;;21.1;95.5
G;03.06.2010;2010;3;12.7;10.7;11.4;10.7;95.3;35;;19.3;90.8
G;04.06.2010;2010;4;21;11.6;15.5;11.1;77.7;3;;12.8;64.1
G;05.06.2010;2010;5;24.1;8.2;17.1;10.6;69.9;0;;15.7;16.4
G;06.06.2010;2010;6;27.6;10.1;19.7;12.5;67;2;59.4;27.1;35.7
G;07.06.2010;2010;7;22;16;19;14.6;77.1;1;;16.7;74.8
G;08.06.2010;2010;8;25.8;12.9;20;13.7;70.9;0.3;;13.5;54.5
G;09.06.2010;2010;9;28.1;14.9;22.1;14.8;66;0;;17.9;68.5
G;10.06.2010;2010;10;30.7;17;24;14.5;57.9;0;;17.6;72.1
G;11.06.2010;2010;11;25.4;16.9;21.7;15;66.7;0;;17.1;35.1
G;12.06.2010;2010;12;24.5;15.4;21;15.1;70.1;2;;24.1;74.6
G;13.06.2010;2010;13;19.6;14;17;14.2;83.8;22.1;;16.9;87.9
G;14.06.2010;2010;14;19.8;13.4;16.2;13.5;85.2;11.2;;12.7;80.2
G;15.06.2010;2010;15;17.8;13.6;15.5;13.9;90.4;0.3;;18.3;81.4
G;16.06.2010;2010;16;16;12.4;13.5;11.8;89.3;1.5;38.9;26.1;98.6
G;17.06.2010;2010;17;16.1;12.4;14.2;13;92.4;3;;18.2;92.7
G;18.06.2010;2010;18;14.7;11.3;13.4;11.7;89.9;2.8;48.2;27.7;82.4
G;19.06.2010;2010;19;13;9.8;11.5;9.6;88.1;7.1;;15.6;80.3
G;20.06.2010;2010;20;11.6;8.8;10.2;8.4;89.1;22.1;;11.1;89.9
G;21.06.2010;2010;21;12.9;9.4;11.2;8.8;85.4;2.8;;13.1;92.6
G;22.06.2010;2010;22;16.3;9.8;13.2;8.4;74.4;0.5;;9.7;80.4
G;23.06.2010;2010;23;19.2;8.2;14.4;8.5;70.4;0;;13.8;39.1
G;24.06.2010;2010;24;21.4;11.7;16.5;9.1;64.8;5.1;;10.5;64.1
G;25.06.2010;2010;25;24.4;10.9;18;10.6;65.2;0.2;;23.7;39.3
G;26.06.2010;2010;26;24;12.4;19;13.1;71.4;3;;11.1;26.1
G;27.06.2010;2010;27;26;12.8;19.9;13.5;70.1;0;;13.6;24.6
G;28.06.2010;2010;28;25.4;13.1;20.1;12.4;65;0;;11.8;37.6
G;29.06.2010;2010;29;27.4;13.3;20.9;12.1;61.9;0;;7.7;34.9
G;30.06.2010;2010;30;26.5;17.5;22;14.8;65.3;2;;16.6;55.4
G;01.07.2010;2010;31;27.2;14.8;21.6;15;68.9;0;;10.7;50.6
G;02.07.2010;2010;32;29;15;22.7;14.4;64.1;0;129.6;12.6;46.1
G;03.07.2010;2010;33;29.9;14.9;23.2;14.4;62.8;0;;12;26.4
G;04.07.2010;2010;34;25;19.9;22.6;16.9;70.8;0.5;;25.3;70.3
G;05.07.2010;2010;35;26.1;18.5;22.2;15.4;67.9;31.9;;21.2;55.2
G;06.07.2010;2010;36;22.7;15.5;19.3;10.4;57.8;19.9;;24.7;69.4
G;07.07.2010;2010;37;22.4;12.4;17.7;7.5;54.2;0;;9.4;50.4
G;08.07.2010;2010;38;26;9.9;19.2;9.5;57.5;0;33.5;14.2;21.6
G;09.07.2010;2010;39;30;12.8;22.4;12.3;57.6;0;;14.8;26.2
G;10.07.2010;2010;40;31.1;15.6;24.1;13.7;57;0;;14.8;42.5
G;11.07.2010;2010;41;31.5;15.4;24.4;15.2;59.3;0.6;;11.7;85.8
G;12.07.2010;2010;42;31.8;18.7;25.6;14.8;54.3;0.5;46.4;30.1;53.6
G;13.07.2010;2010;43;28.7;18.2;23.5;14.3;58.5;20.1;;26.2;76.6
G;14.07.2010;2010;44;32.6;16.6;24.9;15.4;60.4;0.3;;17.4;54.6
G;15.07.2010;2010;45;24.1;18.8;21.9;17;74.1;5.1;44.3;24.6;84.3
G;16.07.2010;2010;46;30.8;16.7;24.5;17.6;68.6;2;;16.1;43.2
G;17.07.2010;2010;47;25.4;14.4;21.2;16.7;76.9;48.8;;26.8;90.1
G;18.07.2010;2010;48;20.5;13.9;16.4;13.6;84.2;13.8;;20.9;77.3
G;19.07.2010;2010;49;23.4;12.1;18;11.3;69.3;0;31.3;20.3;22.9
G;20.07.2010;2010;50;26;13.2;19.7;13.5;70.3;0;;15.4;23.4
G;21.07.2010;2010;51;30.4;14.1;23.3;14.8;63.6;13;;15.1;31.8
G;22.07.2010;2010;52;28.8;18;23.1;16.8;69.4;3.1;48.2;29.9;64.9
G;23.07.2010;2010;53;19.5;15.7;18;16.2;89.3;34.3;;27.8;92.4
G;24.07.2010;2010;54;15.7;12.9;14.2;13;92.1;33.1;;24.8;94.4
G;25.07.2010;2010;55;19.9;12.8;15.9;8.9;66.5;12.9;44.3;25.3;56.4
G;26.07.2010;2010;56;19.3;12;15.7;10.4;71.9;4.1;;22.2;80.9
G;27.07.2010;2010;57;17.2;13.6;15.2;12.7;85.4;8.1;;23.6;84.6
G;28.07.2010;2010;58;20.7;13.2;16.8;12.8;78.1;0.5;;24.5;78
G;29.07.2010;2010;59;17.2;12.8;15.1;12.7;86.1;11.1;55.4;20;80.3
G;30.07.2010;2010;60;17.7;12.4;14.3;11.3;82.8;10.2;;16.1;83.6
G;31.07.2010;2010;61;23;8.7;16.5;10.1;69.6;0;;11.4;25.9
G;01.08.2010;2010;62;28;11;20;11.9;64.7;0;;13.9;26.1
G;02.08.2010;2010;63;21.6;16.4;18.8;16.3;85.7;15;50;21.9;80.2
G;03.08.2010;2010;64;18.8;15.4;17;14.2;83.8;14.5;;21.8;76.1
G;04.08.2010;2010;65;21.2;11;16.6;11;72.3;0.5;;9.1;54.5
G;05.08.2010;2010;66;16.8;12.6;14.7;12.7;88;16;;19.7;84.7
G;06.08.2010;2010;67;13.9;12.4;13;12.2;95;9.1;44.3;27.8;96.6
G;07.08.2010;2010;68;20.6;11.9;15.1;12.2;84.6;7.4;;20.6;78.8
G;08.08.2010;2010;69;21.5;11.1;15.8;12.8;83.7;0.5;;17.5;67.7
G;09.08.2010;2010;70;23;11.7;17.3;12.2;74.5;2;;10.7;38.7
G;10.08.2010;2010;71;24.5;11;18.4;12.7;72.3;0.9;;9.1;44.4
G;11.08.2010;2010;72;25.4;15.1;20.1;14.4;71.7;5.1;;14.1;87.1
G;12.08.2010;2010;73;21.7;16.7;18.6;15.4;82.4;5.1;;18.3;90.8
G;13.08.2010;2010;74;18.4;14.8;16.4;14.4;88.3;10.8;;9.4;91.4
G;14.08.2010;2010;75;20.8;13.3;16.3;14.2;88.2;1.3;;22.3;88
G;15.08.2010;2010;76;21.7;14.7;17.8;13.5;77.5;5.2;;25.2;77.4
G;16.08.2010;2010;77;16.7;11.8;14.6;10.4;77;6.4;40.7;30.8;88.1
G;17.08.2010;2010;78;17.8;13;15;10.9;77.5;1;61.2;36.7;94.6
G;18.08.2010;2010;79;18.4;13;16.2;11.1;71.9;0.3;;18.9;87.7
G;19.08.2010;2010;80;21.4;14.4;17.3;12.8;76.1;2;;17.4;83.9
G;20.08.2010;2010;81;25.9;10.1;18.3;13.7;76.5;0.1;;9.8;53.8
G;21.08.2010;2010;82;27.9;15.3;21.2;16;74.6;0;;10.1;43.2
G;22.08.2010;2010;83;29.2;15.1;22.3;16.3;72.3;0.1;;7.7;22.9
G;23.08.2010;2010;84;25.2;16.4;21.3;16.3;74.5;0.3;;23.1;67.5
G;24.08.2010;2010;85;24.2;15.4;19.6;15.9;80.1;24.1;74.2;29.4;83.8
G;25.08.2010;2010;86;21.2;11.6;16.3;10.4;69.9;0.4;;14;68
G;26.08.2010;2010;87;28.5;14.7;21.6;14.5;66.2;0;33.5;28.2;54.5
G;27.08.2010;2010;88;22.4;16.6;19.7;15.7;78.4;10.1;;33.2;79.4
G;28.08.2010;2010;89;16.9;11.4;14.2;10.7;80.4;13;;24.8;80.3
G;29.08.2010;2010;90;16.9;10.1;13.3;7.8;71.3;2.5;33.5;25.6;79.6
G;30.08.2010;2010;91;11.4;8.9;10.1;7.7;85;23;64.6;40.6;91.1
G;31.08.2010;2010;92;13.4;8.8;10.4;8.3;87.6;50;46.4;21;77.1
G;01.09.2010;2010;93;15.5;5.7;11;7.5;80.7;0.2;;11.2;54.8
G;02.09.2010;2010;94;18;4.4;11.9;8;79.3;0;;12.7;48.9
G;03.09.2010;2010;95;17.6;11.4;14;10.6;81;0.3;;13.2;87.8
G;04.09.2010;2010;96;17.3;10.7;12.9;10.5;85.8;13.4;;17.6;77.4
G;05.09.2010;2010;97;17.7;7.1;12.1;8.3;80.3;0;;19.3;51.4
G;06.09.2010;2010;98;16.4;5;11.1;5.4;70.5;0;;25.1;48.7
G;07.09.2010;2010;99;17.4;8.4;12.7;9.5;81.3;0.5;;17.7;80.5
G;08.09.2010;2010;100;15;11;12.8;11.4;91.3;17.8;;17.4;89.4
G;09.09.2010;2010;101;17.7;11.4;13.7;10.2;79.8;6.1;;19.5;74.4
G;10.09.2010;2010;102;17.9;7.3;13.2;9.9;81.3;0.4;;15.8;62.6
G;01.06.2011;2011;1;15;9.7;11.8;11;94.8;10.2;;28;97.3
G;02.06.2011;2011;2;16;10.9;13.3;10.8;85.3;2.1;;20.2;92.2
G;03.06.2011;2011;3;21.8;12.4;16.9;12.4;75.3;1;46.4;26.6;75.1
G;04.06.2011;2011;4;27;14.9;20.4;14.6;70.8;0.8;;21.9;58
G;05.06.2011;2011;5;26.2;13.4;20.1;13.2;67.4;0.8;;20.2;46.3
G;06.06.2011;2011;6;22.5;13.3;16.6;13.3;81.9;3;50;21.3;86.1
G;07.06.2011;2011;7;23.3;11.7;18.1;12.1;70.4;0.8;;17;64.2
G;08.06.2011;2011;8;18.1;11.8;15.2;12.5;84.1;14.5;;25.3;76.7
G;09.06.2011;2011;9;14.9;11.8;13.4;9.8;79.4;3.5;;13.5;89.9
G;10.06.2011;2011;10;17.8;11.1;14.5;10.3;76.2;1;;9.8;81.7
G;11.06.2011;2011;11;16.7;9.5;13.3;10.7;85.1;3;;18.3;60.4
G;12.06.2011;2011;12;20;10.8;15.4;9.8;71.5;2.5;;13.3;69
G;13.06.2011;2011;13;18.5;10.7;15;11;78.2;0.3;;15.4;73.6
G;14.06.2011;2011;14;21.2;13.8;17.1;12.9;77.3;2.5;;11.9;87.4
G;15.06.2011;2011;15;25.1;14.3;19.7;13.8;70.9;0.4;;8.8;48.9
G;16.06.2011;2011;16;25.4;15.8;20.1;14.7;72.8;8.5;;18.3;80.9
G;17.06.2011;2011;17;21.2;13.8;17.6;13.2;76.5;4.1;;16.3;79.1
G;18.06.2011;2011;18;16.9;9.6;13.9;12.1;88.9;34.3;;26;86.7
G;19.06.2011;2011;19;16.3;10.5;13;7.9;72.7;2.5;66.6;33;68.3
G;20.06.2011;2011;20;18;11;14.5;9.3;71.3;1;;20.6;86.2
G;21.06.2011;2011;21;25.9;14.8;20.3;13.9;68.8;1.3;;26.2;63.2
G;22.06.2011;2011;22;27;15.6;20.4;15.1;73.9;6.1;35.3;20.2;64.8
G;23.06.2011;2011;23;18.1;13.2;15.8;13;84.1;15;;18.2;82.1
G;24.06.2011;2011;24;16.8;11.8;14.2;9.2;73.4;3.8;38.9;19.5;70.2
G;25.06.2011;2011;25;17;9.5;13.8;8.1;69.5;1.2;;17.3;63.3
G;26.06.2011;2011;26;23.3;13;17.9;13.4;76;3;;13;72.6
G;27.06.2011;2011;27;26.2;12;20;13.9;71.4;0;;16.1;21.7
G;28.06.2011;2011;28;27.4;13.8;21.4;13.3;63.1;0;;15.6;27
G;29.06.2011;2011;29;28.2;13.8;21.2;13.6;65;41.9;;20.6;52.8
G;30.06.2011;2011;30;20.7;12.6;16;12;78.3;43;44.3;22.2;87.6
G;01.07.2011;2011;31;16.4;10.2;12.4;8.6;78.8;2.5;59.4;29.8;67.8
G;02.07.2011;2011;32;16.9;8.9;12.8;6.8;68.8;0.5;38.9;21.2;68.4
G;03.07.2011;2011;33;15.7;10.2;13.1;7.7;69.9;0.1;40.7;23.6;82.4
G;04.07.2011;2011;34;22.7;11;17;11.9;73.4;0;;13.8;53.3
G;05.07.2011;2011;35;23.5;11.9;18.4;14;77;4.1;;13.3;39.6
G;06.07.2011;2011;36;27.4;15.2;21.5;12.6;62;0;;18.1;44.9
G;07.07.2011;2011;37;26.5;15.1;20.9;14.5;68.3;1;;20.5;73.3
G;08.07.2011;2011;38;22.5;12.8;17.7;13.3;77.4;1.5;57.2;23.8;72.6
G;09.07.2011;2011;39;27;15.6;20.6;15.6;76.3;1;;21.2;70.6
G;10.07.2011;2011;40;24.9;16.9;19.6;16.6;83.7;7.9;48.2;24.5;71
G;11.07.2011;2011;41;23.2;15.7;19.1;14.2;75.2;0.5;;12.4;58.3
G;12.07.2011;2011;42;27.1;13.9;20.5;15.3;73.9;0;;17.6;49
G;13.07.2011;2011;43;23.6;16.8;19.7;17.2;85.9;11.2;44.3;25.7;87.7
G;14.07.2011;2011;44;16.3;12.8;14.6;11.7;82.8;11.5;;20.1;88.2
G;15.07.2011;2011;45;18.7;12.7;15.4;9;67.6;1.3;;15;66.4
G;16.07.2011;2011;46;24;7.9;16.9;9.3;64.9;0.8;;12.2;39.8
G;17.07.2011;2011;47;24.8;12.4;17.1;12.8;76.9;1;51.8;32.2;87.3
G;18.07.2011;2011;48;16.4;11.4;13.8;10.2;80;4.4;;18.2;87
G;19.07.2011;2011;49;23.3;11.6;16.9;11.4;72;1.8;59.4;29.4;73.9
G;20.07.2011;2011;50;14.9;10.8;12.6;11.4;92.7;32.1;50;30.6;89.6
G;21.07.2011;2011;51;19.4;12.7;15.7;11.2;76;0.5;;21.6;77.4
G;22.07.2011;2011;52;16.7;13.4;14.8;12.6;86.8;2.5;;20.6;87.3
G;23.07.2011;2011;53;14.9;11.8;13.1;11;87.5;1;;17.4;89.8
G;24.07.2011;2011;54;16.2;10.7;12.3;8.7;80;11.5;;21.6;79.6
G;25.07.2011;2011;55;17.5;7.4;12.5;8.1;76.1;0.5;;15.8;74.1
G;26.07.2011;2011;56;21.4;8;15.5;8.5;66.4;0;;9.9;34.9
G;27.07.2011;2011;57;23.2;9.4;17.1;10;66.4;1.3;;13.8;69.3
G;28.07.2011;2011;58;19.8;14;16.1;13.2;83.3;3.7;25.9;17;77.3
G;29.07.2011;2011;59;19.9;13.8;16.3;13.6;84.6;4.6;29.5;16.8;70.9
G;30.07.2011;2011;60;17.9;13.5;15.4;11.6;78.9;3;;26.8;90.7
G;31.07.2011;2011;61;18.4;11.9;15.1;10.6;75;0;;16.4;79.3
G;01.08.2011;2011;62;20.4;11.9;15.1;11.6;80.6;0;;11.3;71.7
G;02.08.2011;2011;63;25;9.2;17.8;12.4;74.2;0;;13;26.8
G;03.08.2011;2011;64;25.3;11;17.4;14.2;82.9;23.1;;22;60.3
G;04.08.2011;2011;65;23.4;16.4;19.3;15.5;80.2;9.2;;19.2;74.8
G;05.08.2011;2011;66;24.4;13.7;18.5;15.3;83;14;;14.8;63.8
G;06.08.2011;2011;67;27;16.5;21.2;16.3;76;3.8;;11.7;86.9
G;07.08.2011;2011;68;19.9;15.1;17.5;15.6;88.5;25.1;;20.8;89.2
G;08.08.2011;2011;69;20.6;14.2;16.6;11.4;73.4;17;51.8;32.6;72.6
G;09.08.2011;2011;70;17.1;11.6;14.3;9.2;72.2;4;79.6;31.6;66.2
G;10.08.2011;2011;71;17.4;9.8;13.4;7.7;70;6.1;38.9;18.4;65.8
G;11.08.2011;2011;72;23.6;7.9;15.6;8.2;66.1;0;;13.4;65.7
G;12.08.2011;2011;73;24.3;13.8;19.1;10.8;61.4;0.5;44.3;26.2;78.6
G;13.08.2011;2011;74;23.7;16;19.1;14.5;76.1;0.8;;19.4;73.1
G;14.08.2011;2011;75;28.7;13.5;20.8;14.2;69.8;9.6;;21.5;58.2
G;15.08.2011;2011;76;22.5;16.6;19;16.3;85.2;12.2;;16.4;83.2
G;16.08.2011;2011;77;23.5;13.8;19.2;15.2;78.9;0.5;;8.5;60.5
G;17.08.2011;2011;78;26;12.9;19.6;15;77.6;0;;9.6;26.7
G;18.08.2011;2011;79;29.7;14.6;22.3;15.3;69.2;0;;12.3;26.8
G;19.08.2011;2011;80;27;18.8;22.3;17.1;73.2;11.1;48.2;26.1;64.4
G;20.08.2011;2011;81;26.5;17.8;21.5;16.8;76;1.1;;10.2;52.6
G;21.08.2011;2011;82;31.4;15.5;23.6;16.8;69.9;0.3;;9.3;25.3
G;22.08.2011;2011;83;31.2;18;25;18.2;67.6;0.3;;14.5;37.5
G;23.08.2011;2011;84;32.4;17.3;25;16.3;63.6;0;;15.6;20.2
G;24.08.2011;2011;85;30.4;20;24.5;17.4;66.8;0.4;;13.7;55.2
G;25.08.2011;2011;86;28.6;17.4;22.6;18.1;77.2;0.9;;17.2;41.3
G;26.08.2011;2011;87;32.8;15.2;24.8;14.8;60.6;0;;19.2;33
G;27.08.2011;2011;88;24.4;10.7;14.2;10.3;78.4;8.1;50;30.4;74.6
G;28.08.2011;2011;89;20.1;8.1;14.1;8.3;71.1;0;;11.4;33.6
G;29.08.2011;2011;90;20.8;8.5;14.9;9.6;72.7;0.3;;17.1;52.3
G;30.08.2011;2011;91;18.6;11.5;15.2;9.3;68.9;0.8;;10;63
G;31.08.2011;2011;92;22.6;7.6;15.5;10.4;73.8;0.2;;10.6;40
G;01.06.2014;2014;1;18.1;5.9;12.8;6.6;68.8;0.5;;12.3;58.4
G;02.06.2014;2014;2;18;5.3;12.5;7.3;73.3;0.4;;18.7;47.4
G;03.06.2014;2014;3;18.8;7.3;13.6;8.1;72.8;0.6;;22.1;51.8
G;04.06.2014;2014;4;21;6.2;14.1;9;74.5;0.9;61.2;19.7;63.2
G;05.06.2014;2014;5;18.6;11;14.6;8.6;70.3;6.1;;17.7;72.9
G;06.06.2014;2014;6;24.7;6.3;16.9;9.1;65.4;0;;12;50.6
G;07.06.2014;2014;7;27.6;9.3;19.7;11.2;63.1;0;;11;44.1
G;08.06.2014;2014;8;29.4;12;21.9;12.1;60;0;;14.3;19.1
G;09.06.2014;2014;9;31.3;12.2;22.4;13.4;61.9;0;;13.5;21.6
G;10.06.2014;2014;10;31.4;13.4;23.7;12.3;54.8;0.3;;11.5;53.3
G;11.06.2014;2014;11;27.8;18.3;23.5;14.9;60.3;0.8;;24.7;79.8
G;12.06.2014;2014;12;26.7;17;22.2;15.1;65.9;2.9;;16.3;69
G;13.06.2014;2014;13;24;15.9;19.6;11.6;62;17.5;46.8;20.5;77.6
G;14.06.2014;2014;14;19.9;11.3;16.4;7.7;58.4;1.1;;18;86.5
G;15.06.2014;2014;15;20.9;9.3;15.7;7;57.9;0;;18.1;54.8
G;16.06.2014;2014;16;20.6;10;15.5;6.2;56.5;0;;16.1;38.4
G;17.06.2014;2014;17;20.3;10.3;15.3;7.3;61.4;0;;20.9;78.8
G;18.06.2014;2014;18;23;10;16.9;7.7;59;0;;18.3;41.9
G;19.06.2014;2014;19;23.1;8.8;17;8.1;59.1;0.3;;24.2;54.8
G;20.06.2014;2014;20;16.7;11.1;13.6;8.7;73.6;1.3;;21;79
G;21.06.2014;2014;21;20.6;7.3;14.1;6.6;64.4;0;;14.5;47.9
G;22.06.2014;2014;22;24.6;6.3;16.6;6.6;57.2;0;;20.1;46.9
G;23.06.2014;2014;23;24.9;8.4;18.2;7.5;53.4;12;;14;70.8
G;24.06.2014;2014;24;21.2;11.8;16.8;10.3;67.4;16;;10.9;69.4
G;25.06.2014;2014;25;18;12;15;9.5;71;7;;17.6;71.2
G;26.06.2014;2014;26;21.1;5.1;14.6;5.7;59.2;0.4;;10.4;35.5
G;27.06.2014;2014;27;25;8.4;17.5;7.4;57;0.2;31.3;14.7;68.2
G;28.06.2014;2014;28;27;13.7;20.1;11.3;60.2;2.3;;25.6;88.5
G;29.06.2014;2014;29;16.9;11.4;14.9;13.4;90.6;29.1;;22.9;96.3
G;30.06.2014;2014;30;15.8;10.9;12.8;10.2;84.8;4.5;;23;84.9
G;01.07.2014;2014;31;20.7;8;15.1;8;66.3;0.4;;9.6;56.9
G;02.07.2014;2014;32;16.3;10.3;13.6;11.4;86.9;17.6;;15.1;72.6
G;03.07.2014;2014;33;24;8.5;16.8;9.2;66.1;0;;12.2;61.1
G;04.07.2014;2014;34;27.5;8.3;19.4;11.2;63.2;0.1;50.4;20.5;68.8
G;05.07.2014;2014;35;22.9;16.9;20.2;13.9;67.3;1.8;50.4;28.1;86.8
G;06.07.2014;2014;36;28.6;13.1;21.8;14.4;66.2;0.1;;15.6;53.6
G;07.07.2014;2014;37;24;15.1;20;15.5;76.3;1.2;51.8;28.5;80.4
G;08.07.2014;2014;38;18.1;12.8;15.8;13.9;89;14;44.3;27.4;87.9
G;09.07.2014;2014;39;12.9;11.4;12.1;10;86.9;19.3;44.3;29.6;91.9
G;10.07.2014;2014;40;14.9;10.4;12.4;9.4;82.1;0.4;;19.8;93.9
G;11.07.2014;2014;41;20;12.9;15.7;11.8;79.6;18.6;;10.5;87.2
G;12.07.2014;2014;42;20;13.1;16.7;13.9;84.1;5.4;;20.5;89.2
G;13.07.2014;2014;43;22.7;14.1;17.9;13.2;75.8;2.1;;22.4;87
G;14.07.2014;2014;44;22.9;13.2;18.3;13.1;73.3;5.6;;18.9;73.1
G;15.07.2014;2014;45;24.4;13.3;19.1;13.1;70.6;1.1;;11.8;69.5
G;16.07.2014;2014;46;26.4;12.9;20;12.8;66.5;0;;12.9;34.4
G;17.07.2014;2014;47;26.4;15;20.9;12.7;63.2;0;;13.7;43.1
G;18.07.2014;2014;48;28.4;12;20.9;12.3;62.8;0;;9.9;29.1
G;19.07.2014;2014;49;31.6;11.9;22.6;13.3;61.3;0;;13.4;51.3
G;20.07.2014;2014;50;29.7;15.1;22.1;16;70.6;11;61.2;17.2;84.9
G;21.07.2014;2014;51;19.9;15.8;17.2;14.8;86.2;20.5;;22.4;91.4
G;22.07.2014;2014;52;19.4;15.4;17.4;16.4;93.9;3.6;;16.3;93.2
G;23.07.2014;2014;53;24.4;13.6;19;14.1;76.5;6.4;;19.2;47.8
G;24.07.2014;2014;54;23.4;10.4;17.8;12.6;74.4;1.2;;13.9;52.6
G;25.07.2014;2014;55;26;11.3;19.3;11.7;66.6;0.9;;10.7;39.5
G;26.07.2014;2014;56;25.4;12.5;18.8;14.1;76.6;39;;27.6;90.8
G;27.07.2014;2014;57;22.7;16;18.7;16.4;86.7;0.5;;18.1;79.4
G;28.07.2014;2014;58;24.7;14.5;19.6;15.3;77.6;5;;15.9;71.9
G;29.07.2014;2014;59;21.1;14.5;17.9;15.4;85.5;7;38.9;19.3;87.4
G;30.07.2014;2014;60;19.4;16.4;17.9;16.2;89.9;37.2;;22.2;92.7
G;31.07.2014;2014;61;20.8;16.4;18.3;14.9;82.1;63.1;;14.5;78.7
G;01.08.2014;2014;62;23.4;10.9;17.8;13.8;79.3;0.7;;17.5;38.2
G;02.08.2014;2014;63;25.7;13.9;19;16.1;84.5;0.4;;17.4;49.5
G;03.08.2014;2014;64;24.7;14.6;19.3;15.2;78.6;30;;20.9;56.3
G;04.08.2014;2014;65;25;14.5;19.8;14.5;74.1;5.1;;17;65.8
G;05.08.2014;2014;66;20.4;15;17.1;14.3;84.4;19;;26.9;77.7
G;06.08.2014;2014;67;23;10.8;17.3;12.3;75.7;0;;12;46
G;07.08.2014;2014;68;23;14.4;17.8;13.2;76.8;6.1;;19.5;72.6
G;08.08.2014;2014;69;25.4;11.9;19.2;13.4;72.6;1.4;;10.6;38.3
G;09.08.2014;2014;70;23;15.4;19.4;15;76.7;6;42.5;26.9;71.7
G;10.08.2014;2014;71;28.5;13.5;20.8;15.6;75.1;0;;15.1;61.1
G;11.08.2014;2014;72;20.5;14.9;17.1;15.3;89.5;28;46.4;21.1;86.3
G;12.08.2014;2014;73;20;13;16.6;11.1;71.8;5.5;;16.1;80.4
G;13.08.2014;2014;74;16.6;13.4;14.7;12.9;89.2;25;;32;79.4
G;14.08.2014;2014;75;18;11.4;14.7;9.6;72.2;0.1;55.4;35.4;74.9
G;15.08.2014;2014;76;17.5;11;13.8;9.8;77.9;1;;31;81.2
G;16.08.2014;2014;77;15.9;11;13.1;10;82;1.7;44.3;23.2;77.5
G;17.08.2014;2014;78;21.8;9;15.2;8.7;68.8;0.1;;23.4;38.7
G;18.08.2014;2014;79;20.8;9.4;15.8;9.7;68.4;2;46.4;24.4;72.2
G;19.08.2014;2014;80;19.9;11.1;15.4;10.8;75.6;0.7;;21.9;79.9
G;20.08.2014;2014;81;15.9;11.4;14.2;9.7;74.8;4.1;;8.8;90.9
G;21.08.2014;2014;82;18.8;10.1;14.3;8.4;70.9;0.1;;11.9;69.3
G;22.08.2014;2014;83;20.4;7.3;13.7;8.5;73.8;0.5;;17.3;65.2
G;23.08.2014;2014;84;18.9;9.5;14.3;9.2;73.8;1.5;;16.3;81.5
G;24.08.2014;2014;85;16;10.9;13;7.5;71.6;1.6;;23.1;73.8
G;25.08.2014;2014;86;17.8;5.9;12.5;6.9;71.6;0.2;;18.1;82.2
G;26.08.2014;2014;87;19.7;11.9;15.7;12.4;81.8;1.6;50;33.4;83
G;27.08.2014;2014;88;15.8;11.2;14.5;12.1;86.1;2.5;;22.7;79.7
G;28.08.2014;2014;89;21.6;7;14;10.1;80.3;0;;7.4;55.3
G;29.08.2014;2014;90;21;10.4;16.4;13.4;83.1;2.1;;11.8;62.4
G;30.08.2014;2014;91;22.9;15.8;18.3;14.5;80.5;7.9;29.5;10.7;78.3
G;31.08.2014;2014;92;15.9;11;13.5;12.3;92.4;16;;19.5;92.2
G;01.09.2014;2014;93;13.9;10.7;12.2;9.6;84.5;15;;17.4;89.5
G;02.09.2014;2014;94;15.8;11.4;13.4;10.8;84.8;1.5;;11.7;90.1
G;03.09.2014;2014;95;16.2;11.8;14;12.2;89;3.9;;16.7;92
G;04.09.2014;2014;96;20.7;12.3;16.2;13.5;84.8;0;;16.8;85
G;05.09.2014;2014;97;20.3;13.3;16.6;14.4;87.8;3.5;;10.4;71.2
G;06.09.2014;2014;98;24;12.3;18;14.3;80.9;2.5;;8.7;65.1
G;07.09.2014;2014;99;24.9;11.3;18;14.3;81.4;0.9;;12.5;29.9
G;08.09.2014;2014;100;25.4;11.3;18.2;13.8;78.2;0.2;;10;42.3
G;09.09.2014;2014;101;21.2;14.1;17.6;14.9;84.8;8;;10.4;73.8
G;10.09.2014;2014;102;18.7;9.8;14.5;10.6;79.2;9.1;;14.7;73.1
